来源URL: https://web.archive.org/web/20220626062537/https://www.bargainstation.com/Brands
================================================================================

bargainstation.com - brands track your order about us become an affiliate customer service contact us free budget shipping get free budget shipping on qualified items where you see this icon: many items at bargainstation.com offer free budget shipping. plus, as with many of our competitors which do offer free shipping, we don't ask you to spend a specified amount in order to qualify for free budget shipping. how do i qualify for free budget shipping? 1. add the item(s) that qualifies for free budget shipping to your order’s shopping cart. 2. if a product has this icon: that product will qualify for free budget shipping regardless of its price. 3. proceed to checkout and select budget shipping as your shipping option (items will take an additional 7-10 business days to ship). 4. ship your item(s) to a valid u.s. address. 5. then, complete your order. it's that simple! free budget shipping excludes certain oversized and/or overweight items, and those products that do not include this icon: some items may be excluded: if certain items in your shopping cart are not eligible for budget shipping then budget shipping will not be available and thus the offer for free budget shipping will not apply. free budget shipping is not available for international orders. my account | log on checkout | 0 items - $0.00 your shopping cart is empty computers accessories components flash media networking peripherals systems notebooks tablets desktops electronics power center cables & connectivity business & home office audio / video auto / marine cameras children gps home audio office equipment phones point of sale (pos) portable audio security televisions miscellaneous software education & reference games home & hobbies photo/video/design security & utilities macintosh operating systems video games pc games xbox 360 xbox one playstation 3 playstation 4 nintendo wii nintendo 3ds nintendo ds nintendo switch playstation 2 games other other for the home for the office crafts general merchandise gift ideas hardware holiday items sports & outdoors home appliances pet products toys special needs shop by brand home / brands my account shopping cart checkout log in featured brands become a featured brand all brands 0-9 a b c d e f g h i j k l m n o p q r s t u v w x y z 0-9 back to top 2000plus (29) 21 rocks (1) 2k games (1) 2xl corporation (9) 360 electrical (14) 360 smart network (4) 3d systems (1) 3dconnexion (11) 3doodler (5) 3m company (1219) 4xem (375) a back to top a-data technology (72) a4tech (4) aaxa technologies (5) abilityone (1) ablenet (13) absolute software (1) accell (1) acco (181) accortec incorporated (2) accuform (35) accustamp (3) acer america (304) acme united (10) acoustic research (1) acp - ep memory (393) acr international (1) acronis (10) acroprint (22) actiontec screenbeam (7) activision (7) acuant (12) acurite (32) adams (19) adaptec (18) addon (16326) adesso (200) adobe (19) advanced input systems (1) advancetec (1) advantech corporation (22) advantus (8) advantus corporation (188) aerovation (1) agent 18 (3) aidata (2) air wick (18) airborne (2) aj funk & co (2) ajax (12) ajm packaging (8) ak racing (26) alacer corp (2) alba (22) alera (334) aleratec (1) alex orthopedic, inc. (3) all (1) allegro industries (1) alliance (35) allied telesis (269) allsop (33) alogic (60) alphachem (1) alpine (5) altronix (294) aluratek (79) always (4) amazon (12) ambir technology (61) amd (131) amer networks, inc (105) amercareroyal (30) amerelle (2) american battery (23) american industrial systems (2) american paper converters (18) american weigh scales (6) americo manufacturing co. inc. (23) amertac (5) ammex corporation (6) amope (1) ampad (84) amplivox sound systems (3) amt (5) amzer (2) anchor hocking (15) anchor packaging (24) anchor products (3) andis (23) andrea electronics (1) angelo brothers (1) anglers company (1) ansell limited (26) antennas direct (1) antop antenna (3) antv (1) anywhere cart (15) aoc (18) aopen (154) apache mills (8) apc (2382) apollo audio visual (12) apple (56) applica (7) approved memory (1) apricorn mass storage (58) arc media (3) arcserve (170) arlo (2) armored autogroup (3) armstrong world (18) arozzi (6) arrow fasteners (2) artisan power (15) artisanwax (2) artistic office products (44) artskills (2) aruba (616) as seen on tv (1) asmodee (1) aspyr media (1) astro gaming (1) asus (798) asustor (15) at&t (11) at-a-glance (130) atdec (53) aten (556) atg (10) atlantis plastics (3) atlasied (108) atto technology (62) audio technica (117) audio video furniture (26) audiocodes (18) audiovox (1) aunt flow (3) avanquest (2) avanti (20) avaya (4) avenues (1) aver information (86) avermedia (62) avery dennison (1421) avid technology (4) avision (1) avocent (177) avteq (159) avue (30) axiom (9189) azio (17) azulle (23) b back to top b&w international (1) b+b smartworx (457) bagcraft (37) bakker elkhuizen (8) bally (1) balt, inc. (1) barco (11) barkan (12) barkman honey (1) barricks (6) barrow (2) battery biz (1) battery technology inc. (916) baumgartens (54) bausch & lomb (4) bay traders (1) bayer (2) beats (1) beaumont products (3) bec technologies (13) bed head (5) belkin (1523) belkin business (117) belkin/linksys remarketing (2) bem wireless (1) bematech (1) benq america (25) berk (9) betco corporation (3) bi-silque (99) bic corp (241) big d (27) big fish (2) bigelow tea (32) bio-key (1) bionaire (2) biotone (6) biscomerica (1) bissell (3) bitdefender (1) bixolon (108) bk resources (1) black & decker (55) black box innovations (3377) blanks/usa (12) blink home security (2) bloody gaming (4) blue diamond (1) blue line (4) blue microphones (12) blue sky (37) blue sky gear (1) blueline (29) bluelounge (2) boardwalk (768) bobrick (31) body essentials (1) body flex sports (3) bona (11) bond street (1) bosch (8) bosch security (664) bose (8) bosstab (1) bostitch (143) boulder (9) bounce (2) bounty (13) bounty hunter (10) boxlight (2) bracketron (2) brady worldwide (4) brainboxes (126) brash entertainment (1) braven (1) brenthaven (38) brentwood appliances (47) bretford (59) briggs healthcare (1) bright air (20) brighter child (1) brighton professional (2) brightpoint sim cards (1) brio (4) broadcom (14) brocade (51) broderbund (2) brooktrout technology (2) brother (652) brother business products (28) brother mobile solutions (167) brother sewing (41) brown paper goods (2) brownline (8) bss (20) buffalo americas (170) bugatti (19) built ny (4) bulldog (1) bully (1) bulova (3) bunn-o-matic (21) bush furniture (7) buslink media (35) buxton (9) bytech (4) c back to top c-line products (218) c.r. gibson (1) c2g (2018) caldigit (7) caldrea (19) califone (51) calphalon (3) calypso studios (7) camco (16) canon camera (75) canon print supplies (276) canon usa (348) cany (2) capital safety (1) cardinal brands (160) caribou coffee company (1) carson dellosa (15) carter's (1) carver (6) cascade (3) cascades (57) case it (15) case logic (115) casio (21) castaway (2) casual arcade (2) cci (3) ccx corporation (2) cd3 (2) cdv software (1) cedar commercial (4) celsius (1) centon (30) chamberlain (3) champion (53) champion barbell (2) channeled resources group (3) char-broil (18) chard (10) chargerleash (1) chargetech (18) charles leonard (28) charmin (10) chartpak (31) chase products (20) checkpoint zonelabs (24) chef'schoice (24) chelsio communications (12) chenbro (1) cherry (90) chester creek (3) chex mix (1) chicago lighthouse (5) chicopee (34) chief manufacturing (294) chil (8) chill-its (4) chock full o'nuts (2) church & dwight (3) cipe (6) circuit scribe (1) cisco (6705) citrix (13) clauss (5) cleaner solutions (1) clear crown studios (2) clearone (66) cleva (5) clif bar (9) clorox (105) clover electronics (1) club 3d (105) coastwide professional (286) coca cola (7) cocoon innovations (1) codemasters (1) codi (99) coleman cable (5) colorway (1) comet (4) commercial cool (31) comnet (71) comprehensive cable (641) compulocks (6) computer associates (1) comtrol corp. (78) con-tact (1) conagra brands (2) conair (2) config 6 (5) consolidated stamp (111) contigo (1) continental commercial products (3) contour design (18) controller gear (6) controltek (48) cool gear (3) cooler master usa (82) corel (46) coreproducts (16) coretex products (1) corsair (358) cosco (48) cottonelle (8) cougar gaming (6) cp technologies (1151) cradlepoint (1) craftunique (1) crayola (186) cream suds (2) creative labs (34) creative sourcing international (1) creativestar solutions (2) crest (2) crew (3) cricut (6) crimson av (1) crock-pot (6) cross (7) crown audio (6) crown mats (64) cru (263) crucial technology (110) crystal geyser water (3) cta digital (163) ctl (14) cuisinart (9) custom america (66) cyber acoustics (36) cyberdata (86) cyberpower systems (usa) (385) cyberpowerpc (7) cyclone (1) d back to top d-line (12) d-link (33) dahle (5) danone (2) dantona (7) dap products (5) dart container corporation (358) das keyboard (14) dascom holdings (45) data locker (42) data-tronix (1) datalogic (172) datamax (86) dataram corporation (47) datastor (2) dawn (16) dax manufacturing (32) day runner (1) dean foods (1) deflecto (157) del disposables (1) delk (1) dell (306) dell commercial (82) dell remarketing (226) delta faucet (10) designers edge (3) detach n go (1) dial professional (102) dialogic (24) diamond crystal brands (7) diamond multimedia (28) digi international (149) digipower (8) digital concepts (1) digital innovations (5) digital persona (1) disco (3) disney interactive (6) distinow (5) diversey (168) dixie (98) dixon (118) dome (4) domtar (12) donut shop coffee (2) dorcy (3) dorling kindersley multimedia (dk) (6) doublesight displays (11) dove (5) downy (2) dp audio video (19) dr. scholl's (4) dream saver 3d (4) dreamcatcher interactive (6) dreamgear (2) dri mark (9) drive medical (5) drobo (1) dunbar security products (3) dupont (3) durable office products (84) durable packaging (81) duracell (84) durasource parts (1) duro bag (2) duro-med (3) duvoice (7) dymo (214) dymon (9) dynabook (formerly toshiba) (29) dynamo (2) e back to top earthchoice (65) eastsport (3) easy 2 go (2) eaton (1296) eb brands (1) ec line (3) ec solutions (3) eco style (6) eco vessel (5) eco-highway (1) eco-products (71) ecobee (5) ecocraft (7) edenpure (1) edge tech (187) edge tech corporation (49) edimax computer (1) edmar corporation (1) egames (2) ehang (3) eight o'clock (2) eizo by nanao (21) electrolux home care (27) electronic arts (3) elgato systems (20) elite screens (310) elmer's (86) elo touch solutions (138) embrava (4) emerald paper (13) emerge vizon (7) emerson (9) emulex (3) encore software (12) endust (1) energizer (105) enet components (55) engenius (75) epadlink (3) epiphan systems (8) epos (278) epson (337) epson accessories (51) epson ink (176) ereplacements (260) ergo desktop (23) ergoguys (104) ergonomic concepts (1) ergotech (49) ergotron (659) erie 216 (3) es robbins (29) esi (4) essity (33) esterline advanced input sys. (2) etekcity (2) eternal (5) eufy (3) eveready battery (4) everki usa (6) eversharp (2) evga (114) evolis (13) evoluent (10) excalibur (11) excell metal products (3) excitrus (4) extreme avaya (17) extreme networks (125) ezviz (3) f back to top f5 (3) fab (2) fabri-kal (14) falcon safety (6) fantapak (6) fargo electronics (38) febreze (16) feitian (2) fellowes (613) ferrero (1) fi hi original soundtrack (1) fiberlock (1) filemaker (3) filofax (4) final touch (1) finisar (72) finisar corporation (5) finish (2) fire king (6) first aid only (213) first quality (10) fiskars brands (54) fitbit (3) flipside products (1) floatie kings (1) floor science (2) floortex (12) fluidmesh (1) fluke networks (576) fogware publishing (1) food should taste good (2) forcepoint (4) fortinet (23) fourgals (1) fpc (2) fractal design (45) franklin cleaning technology (3) fratelli guzzini (5) freedompop (6) fresh products (79) frito-lay (6) fuji photo (49) fuji photo film usa (2) fujitsu (141) g back to top gaiam (2) gain (5) gamber johnson (2) gardman usa (21) garibaldi (2) garmin (14) garrett metal detectors (6) gbc (50) ge lighting (16) geek chef (1) gefen (33) gen (214) general electric (31) general mills (2) genius products (1) genovation (5) genpak (1) geographics paper (23) georgia pacific (149) geovision (175) gerson (1) getac, inc (7) gf garden (2) ghent (14) gibson usa (118) gigabyte (106) gigastone (2) gizmac accessories (16) glaceau (2) global material technologies (13) global silicon electronics, inc. (2) global software publishing (1) globe electric co. (2) glowear (16) gn1 (14) go-box (1) go-jo (206) goguardian (1) goldtouch (3) golla oy (3) google (5) gorilla glue (20) graco (1) grandstream (1) graphtec (4) great neck saw (17) great star tools (45) green klean (9) green rabbit (2) greene + gray (9) griffin technology (30) grohe (2) guardian equipment (1) gumdrop cases (47) gunnar optics (67) gvision (7) gyration (1) h back to top haiku (11) hain celestial (1) halo2cloud (5) hamilton beach (2) hamilton buhl (8) hammermill (32) hampton bay (3) hand held products (3) hanwha techwin america (128) harman kardon (521) harney & sons (1) hauppauge (11) havis (35) hawking technologies (14) health and wellness (11) heath-zenith (2) heckler design (8) heelys (2) helen of troy (19) henkel (1) herbal concepts (1) heritage bag (116) hershey (1) hex (19) hgst (181) highpoint technologies (50) hint (2) hitachi (5) hoffmaster (43) holmes (9) home products international (2) homenations inc (3) hon company (195) honest technology (1) honeywell (985) honeywell air comfort (10) hoover (33) hormel (6) hospeco (46) house of doolittle (62) howard miller clock (7) hp (2072) hp 3p-ipg (634) hp enterprise (hpe) (1802) hp gov (5) hp large format (234) hp print & supplies (144) hpi - remarketed (5) hsm of america llc (9) htc (2) hubsan (1) huhtamaki (32) humanscale (25) hunter fan company (10) hycu (15) hyperkin (3) hyperx (10) hyundai (29) i back to top i-blason (9) i/o magic (3) ibm (59) ic intracom (1) iceberg (39) icon (4) iconex (104) icy dock (89) ideal industries (5) ideal networks (6) ideapaint (7) ideastream (25) igloo (6) ikruz (2) iluv (1) imak (16) impact products (20) importer520 (1) imsi-design (1) incase (4) incipio (31) infinity instruments (1) infocase (8) infocus corporation (67) infoprint (4) infortend (1) infragistics (1) ingenico (7) innovation first (324) innovative (62) innovera (977) inseego (6) instacharge (16) integra (1) integrated bagging systems (125) intel (1098) intelliarmor (2) intellinet (41) intermec (368) international paper (2) international tray pads & packaging (2) intex (31) intuit (15) inuvio (1) inwin development (1) iogear (307) ionic pro (6) ipearl (9) ipg (3) iris usa (12) ironclad performance wear (16) ironkey (13) ironwear (3) istar (1) istorage limited (7) itw pro (7) ivory (2) j back to top jabra - gn netcom (42) jabra remarketing (1) jacki design (29) jaguar plastics (1) janitized (14) jar systems (3) jarden home environment (2) java trading company (12) jaybird (1) jbl (61) jds industries (1) jelco (73) jelly belly (4) jelmar llc (2) jensen (1) jetpro (1) jlab audio (1) jm smucker (43) johnson & johnson (15) joysuds (4) juniper (10) jvc (24) jwin (1) k back to top kaboom (1) kalypso media (1) kanex (5) kanexpro (12) kanguru (93) kantek (78) kar's nuts (4) karcher (2) kate spade (5) kaz (2) keebler (2) kellogg's (22) kellyrest (5) kemp technologies (40) kendall howard (2) kensington (525) kent displays (4) kenwood communications (2) kess industrial (8) keurig (4) key digital (49) keydex (3) keysmart (26) kidde (12) kik (2) kimberly clark (197) kind (39) kinesis (27) kingston (594) kioxia america (1) kitchenaid (9) kleenex (31) kleenguard (91) klever (3) knomo (5) knowledge adventure (6) koamtac, inc. (66) kodak (72) kodak scanners (29) kofax (3) konami (3) konftel (54) konica minolta (9) konie cups (1) kore design (1) koss headphones (53) kraft foods (15) kramer (18) kwikset (3) kyocera-strategic (39) l back to top la-co industries (3) la-z-boy (3) labelmaster (3) lacie (1) lakewood (2) landing zone (10) landmann (2) lantronix (122) laplink (5) larose (42) lasko products (99) lathem (19) lava computer (2) lavazza (16) lds industries (3) ledu (6) lee products (21) legacy (1) legrand (258) leitz (3) lenovo (1934) leviton (10) lewis hyman (1) lewis n. clark (4) lexar (6) lexmark (1369) lf products (li & fung) (5) lg electronics (151) libman (1) liebert (212) lil drugstore (7) lind electronics (38) lindt (2) linea italia (8) linear (1) linksys (33) linksys business (35) lipper (2) livescribe (2) liz jordan (leadco) (2) loctite (12) logic control (4) logicool (2) logitech (255) logitech video collaboration (266) lotus bakeries (2) lumeah (5) lumigon (1) lumilite (6) lysol (50) m back to top m-edge (3) m2k (1) mabis (1) mac locks (2) mace group - macally (17) mach speed (3) mad catz (1) mad style (4) magic chef (17) magicard (1) magtek (15) mainpine, inc (3) mainstays (3) makerbot (96) man & machine (5) manhattan (117) marcal (3) mark oman (1) marking products (15) maroo (6) mars, inc. (9) marshall electronics (13) martin yale (26) maruchan (1) master & dynamic (2) master caster (42) master lock (17) matias (1) max cases (39) max usa (14) maxell (90) maximum games (2) mcafee (6) mcdavid (3) mcgill metal products (3) mcneil (6) mcr safety (104) me & my big ideas (3) mead (100) mead hatcher (2) mechanix (11) medline (59) mee audio (3) melitta (8) mellanox technologies (296) melnor (38) memorex (3) mentos (3) mercury floor machines (4) mercury tactical gear (1) merisant (2) merlyn mind (3) meshwerx (2) metal ware (20) method (43) metrologic (7) metropolitan vacuum company (17) micon (4) microchip technology inc. (8) microdesk (2) micron (23) micronet (115) microsemi (57) microsoft (287) microsoft surface (22) middle atlantic (27) midlab inc. (9) midland radio (2) midwest trading group (4) mighty leaf tea (2) millenium mat (49) mimo monitors (47) minuteman power technologies (103) mizuno (16) mmf industries (7) mobile edge (112) mobile mark (1) mohawk (4) moldex metric (2) moleskine (26) monarch global (1) monarch products (6) mondelez (4) monitoreal (3) monnit (108) monoprice (700) monster digital (1) mophie (3) morcon paper products (48) morpheus 360 (16) moshi (152) mossy oak (9) motorola (15) motsenbocker's (7) mount-it! (23) mousetrapper (5) mozo (3) mr bar b q (11) mr. clean (13) mr. coffee (8) msi (299) msi computer (178) multi-tech systems (18) mumbojumbo (4) muratec (1) mxl (5) mydevices (31) n back to top n'joy (6) nanoblock (6) national (37) national checking company (4) national hardware (1) nature valley (8) naturebright (1) navigator (1) navigon (1) naxa (58) ncr (2) ncs technologies (25) ndk (2) nec (417) neenah (124) nekoosa coated products (5) nestle (36) netally (18) netgear (52) netgear, inc. (140) netis systems usa corp. (2) netpatibles (234) netscout (19) new england coffee (4) nice-pak (4) nintendo (1) nio (4) nite ize (2) noble locks (2) noble security (21) nokia (1) nonni's (1) norazza (7) norstar office products (1) nortek security & control llc (1) north safety products (8) np memory (842) nuance (30) nudell (16) numi tea (13) nuvomed (2) nxt technologies (40) o back to top o neil (10) o'dell corporation (12) odoban (7) office impressions (12) office snax (13) officemate international (51) officeworks (2) ogio (1) oif (10) okidata (128) olympus (4) omega (5) omnimount systems (3) omnitron systems (1707) omron electronics (8) onescreen solutions (2) opengear (205) oplink security (1) opticon (2) optoma technology (103) oralabs (1) oreck (8) oregon scientific (2) orion images (46) oster (23) other world computing (7) overland storage (30) oxford (160) oxo (3) p back to top p&g proline (2) p3 international (4) pac-kit safety (2) pacific foods (1) pacon corporation (425) pactiv evergreen corporation (150) pampers (4) panamax (3) panasonic (387) panasonic document scanners (13) panavise (2) panduit (1276) panorama antennas (192) panter company (3) panzerglass (11) pap-r products (20) papanicholas coffee (16) paradox interactive (1) parallels (1) paris corporation (10) parsec technologies, inc. (100) patriot memory (101) pctel (1) pdp (1) peak design (1) peerless industries (394) peets (8) penclic (1) pendaflex (113) penny scallan (5) pentel (236) pepperidge farm (1) pepperl & fuchs (27) pepsico (19) perfect solutions (2) performance food group (2) perk (15) perle systems (2525) pet head (1) petsafe (30) pfister (3) philips (35) phonesoap (2) photoco (1) picnic time (1) pilot automotive (1) pilot pen (280) pioneering tech (2) pitt plastics (6) planar systems (71) plantronics (356) plasmon (1) play impossible (2) plenom (3) plugable technologies (27) plustek (11) pny technologies (94) po campo (2) polk audio (1) poly (14) polycom (46) pondview interactive (1) poppin (29) portsmith technologies (11) pos-x (8) positec (39) posturite us ltd (8) power cube (1) power line (2) power products (4) powerocks (10) premier mounts (53) premiertek (85) prestige international, inc. (1) presto (54) prime time packaging (7) primera technology (134) print finishing solutions (9) printek (4) printronix (23) procter and gamble (73) products for you (1) professional cable (1) proflex (15) progressive international (25) promise technology (92) protect computer products (27) protective industrial products (39) protege (6) provo craft (9) puffs (3) pure drinkware (7) puregear (5) purex (3) pursfection (2) pyle (97) pyramex safety (3) pyramid technologies (19) q back to top q-tip (1) qnap (574) qomo (2) qotom (3) quality park (9) quanta computer usa (65) quantum (38) quartet (159) quickie (5) qvs (345) r back to top r-go (4) rackmount.it, llc (22) rain design (33) raise 3d (34) ram mounts (2) rapidx (2) raritan (400) raynor group (3) rayovac (48) razer (15) rca (5) rdi (6) read right (31) really useful boxes (2) realtree (3) reckitt benckiser (46) red bull (5) redi tag (55) rediform office products (69) reese (1) rejuvlife (1) relaunch aggregator (16) relief pak (5) remington (39) resolve (4) reticare (3) reviver mobile (5) revlon (3) reynolds (48) rf ideas (2) ricoh laser (262) ricola (1) ring (3) rite lite (10) roaring spring paper products (27) robo 3d (6) roccat (2) rocketbook (11) rocketfish (1) rocstor (348) roku (2) rolodex (16) ronco inventions (16) roots (3) rose healthcare (1) roselle paper (2) rosewill (1) roxio (2) royal (34) royal dansk (1) royal imaging (2) royal sovereign (36) rubbermaid (594) rubbo international inc (4) ruckus wireless (105) rust-oleum (2) s back to top s-pulse (1) sabrent (250) safco products (372) safeguard (5) safetec (1) safety works (7) sakura (4) salamander designs (16) salter brecknell (4) samsill (93) samson technologies (2) samsonite (18) samsung (149) samsung commercial (2) samsung consumer (1) samsung display (13) samsung display commercial (13) samsung mobile accessories (8) samsung ssd (55) san jamar (65) sandisk (239) sanford brands (470) sangoma (33) sani professional (13) sauder woodworking (4) saunders (52) sc johnson (85) schiff vitamins (31) schneider pen (2) scholastic (3) school zone publishing (1) scm microsystems (3) scosche (8) scott (86) scrubs (8) sdi technologies (1) seagate (276) seal shield (43) sealed air (56) seattle's best (5) see all industries (8) segula (2) seh technology, inc. (6) seiko (84) selectmedia entertainment (1) selectsoft publishing (8) sempermed (6) sengled (5) sennheiser electronic corp. (5) sentry (8) serif (4) server technology inc (241) seventh generation (53) seville (3) sharkninja (1) sharp electronics (61) sharper image (3) shultz (4) shurtech (97) shuttle computer (20) sierra wireless data (49) sierra wireless data inc (2) siig (395) silent beacon (4) silex technology america (8) simon & schuster (1) simply nuc (3) sisters 2 inc. (1) skil (1) skinnypop (1) skullerz (8) slice (5) smart (1) smart avi (626) smart gear (5) smartsound (1) smead (859) smith and wesson (13) smith corona (6) smk (12) smoothtalker (6) snakebyte (1) snuggle (2) so-mine (2) soapbox soaps (6) socket communications (170) sofasox (1) sofidel (16) softalk (25) sol republic (2) solarflare communications, inc. (10) solo (92) solo incorporated (2) sonicwall (497) sonnet technologies (5) sony (34) sony projector (5) sophos (102) soporcel (14) soundstream (8) soundview (24) southern champion tray (41) southwire (36) southworth (63) spacepole (5) spangler candy (5) spark innovation (1) sparkle power (26) speakmansure (10) speck (2) spectrum antenna (1) spectrum brands (2) spellbound (1) spic and span (4) spill magic (9) spitfire (2) spray nine (5) spyclops (5) square enix usa (3) sqwincher (7) staedtler (22) stanley black & decker (25) star micronics (196) starbucks (25) startech (3183) stauffer (1) stebco (4) steelcase (1) steelseries (52) sterno (14) sti (1) stm bags (2) stopzilla! (1) storck (2) storex (42) stout (25) stride writing (39) style asia (1) stylishly stored (1) sugar foods corporation (5) suma (3) sun cloud (6) sun products (4) sunbeam (38) suncast corporation (2) suncraft solutions (2) sunshine makers (17) supermicro (553) supersonic (13) surecall (1) sweda usa (2) swiffer (14) swift response (5) swimways corp. (2) swingline (171) swiss digital (29) swiss+tech (1) syba (39) symantec (4) synology (77) t back to top tabbies (49) tablemate (18) take 2 interactive (3) tallygenicom (7) tampax (1) tandberg data (5) taoglas (63) tape logic (3) targus (454) targus refurb (3) tarifold (2) tatco (28) tcl technology (12) teacher created resources (14) team group inc. (11) team three group (5) technaxx (16) teemate (2) teh tung (2) tell manufacturing (13) tennsco (6) tesa tape (2) texas instruments (36) tfp data systems (1) tg3 electronics (10) the coin-tainer co (12) the hubbard company (7) the joy factory (79) the packaging wholesalers (24) the pencil grip (2) theochem (7) thermaltake (97) thinktank technology (1) thinkwrite technologies (6) this bar saves lives (1) thorne electric (7) thq (1) thule (4) tide (18) tidi (10) tierra garden (1) tiltpod (4) timemist (6) tolco (10) tombow (25) tootsie roll (5) topaz systems (58) topics entertainment (9) tops business forms (696) toshiba (106) total micro technologies (263) totes-isotoner (2) tp link (223) tpg - ens group (77) tracking for less (1) tradex international (1) transcend (335) transition networks (482) transmarco amenities (21) trapeze (2) travelers club (5) travelon (72) traxx solutions (4) trend enterprises, inc. (76) trend micro (9) trendnet (329) tri industries (44) trimax sports (4) trina turk (3) trinity plastics (11) trion worlds (1) tripp lite (4643) trodat (1) troy group (33) tru red (256) true (1) true clear (2) trustmedical (4) truvia (1) tryten (1) tst impreso (5) tucano (67) tumi (1) tune wear (1) turtle beach (11) twelve south (2) twinings (6) tycon systems (37) tylt (1) tzumi (3) u back to top u brands (102) u. s. stamp & sign (88) u.s. pumice (2) ubi soft (12) ubiquiti networks (7) ultimate ears (12) uncaged ergonomics (29) uncharted (3) unger (118) uni-ball (155) uniden (6) uniliver (14) unimed corp (1) union & scale (9) unirise usa (19) unitech (1) united facility supply (2) universal office products (1205) urban armor gear (3) urban factory (51) urnex (6) us robotics (18) utilitech (1) v back to top v7 (447) vaddio (19) vakoss (1) valcom (10) valusoft (8) vantage point (2) vantec (21) vaseline (3) vaultz (1) veeam software (2) velcro (15) velleman (4) vend-rite (5) ventev (2) veracity (45) verbatim corporation (336) veridian healthcare (15) veritas (7) versatainers (6) vertiflex (9) vertiv (1450) viatek (5) vicks (2) victor (84) victory innovations (3) victory light (10) viewsonic (310) vinotemp (1) vinpower (233) virex (2) vision (6) visioneer (7) visiontek (325) visual live (1) viva media (9) vivitek (38) vivotek (9) vizio (20) vtech (26) vu ryte (2) vulcan (1) vulcan information packaging (1) w back to top wahl (1) waljan products (1) walker's shortbread (2) wasp barcode (356) watchguard technologies (14) wd-40 (5) webster industries (65) weigh-tronix (8) weiman (24) weltron (24) wenger (10) west bend (2) westcott (121) westek (15) western digital (286) western plastics, inc. (3) westinghouse (4) westscott (1) wetkeys (19) wexford labs (4) whalen furniture (5) whistler (2) whitmor (5) whoosh! (4) wicked audio inc. (1) wicked hd (1) wilson electronics (8) wilson jones (102) wincup (6) windsoft (23) wna, inc. (48) wonderful (5) wooster brush (8) workwell technologies (7) world centric (42) world dryer (7) world marketing (21) worryfree gadgets (17) wrigley (4) wypall (41) wyrestorm technologies (9) x back to top x-acto (18) x-mini (1) xd design (24) xerox (309) xilinx inc. (9) xitel technologies (1) xstamper (10) xtrememac (24) y back to top yealink (65) youth digital (1) yubico (6) z back to top zavor (3) zcover (37) zebra pen (118) zebra technologies (29) zeepad (worryfree) (1) zep inc. (77) zgonic (1) zipbuds (1) zoll medical corp (3) zorbitz (4) zorelle (1) zotac (12) zyliss (2) zyxel (163) contact us customer service technical support become an affiliate view all brands quick help shipping methods track your order rebate inquiry company info about us privacy statement careers terms & conditions stay connected subscribe to newsletter we accept: © 1995 - 2022 spacebound, inc. all rights reserved. all product and brand names are trademarks or registered trademarks of their respective holders.