来源URL: https://web.archive.org/web/20240814001258/https://www.bargainstation.com/Brands
================================================================================

bargainstation.com - brands track your order about us become an affiliate customer service contact us free budget shipping get free budget shipping on qualified items where you see this icon: many items at bargainstation.com offer free budget shipping. plus, as with many of our competitors which do offer free shipping, we don't ask you to spend a specified amount in order to qualify for free budget shipping. how do i qualify for free budget shipping? 1. add the item(s) that qualifies for free budget shipping to your order’s shopping cart. 2. if a product has this icon: that product will qualify for free budget shipping regardless of its price. 3. proceed to checkout and select budget shipping as your shipping option (items will take an additional 7-10 business days to ship). 4. ship your item(s) to a valid u.s. address. 5. then, complete your order. it's that simple! free budget shipping excludes certain oversized and/or overweight items, and those products that do not include this icon: some items may be excluded: if certain items in your shopping cart are not eligible for budget shipping then budget shipping will not be available and thus the offer for free budget shipping will not apply. free budget shipping is not available for international orders. my account | log on checkout | 0 items - $0.00 your shopping cart is empty computers accessories components flash media networking peripherals systems notebooks tablets desktops electronics power center cables & connectivity business & home office audio / video auto / marine cameras gps home audio office equipment phones point of sale (pos) portable audio security televisions miscellaneous software education & reference games home & hobbies photo/video/design security & utilities macintosh operating systems video games pc games playstation 5 xbox 360 xbox one playstation 3 playstation 4 nintendo wii nintendo 3ds nintendo ds playstation 2 playstation games other other for the home for the office crafts general merchandise hardware holiday items sports & outdoors home appliances pet products toys special needs shop by brand home / brands my account shopping cart checkout log in featured brands become a featured brand all brands 0-9 a b c d e f g h i j k l m n o p q r s t u v w x y z 0-9 back to top 2000 plus (33) 203 trading (5) 2xl corporation (5) 3dconnexion (7) 3doodler (1) 3m (1105) 4xem (18) a back to top a4tech (3) aaxa technologies (11) abilityone (2) ablenet (7) absen (3) accessory power (41) acco (168) accortec incorporated (170) accuform (6) accustamp (2) acer (328) acme united (15) acoustic research (1) acp - ep memory (250) acr international (1) acronis (1) acroprint (20) actiontec screenbeam (8) activision (5) acuant (6) adams (17) adaptec (2) adata (36) addon (8109) adesso (212) adobe (10) advancetec (1) advantus (189) aerovation (1) agent 18 (3) air wick (10) airborne (1) airtame (9) ajax (5) ajm packaging (11) akg (13) alacer corp (2) alba (24) alera (339) alex orthopedic, inc. (3) all (2) allen company (1) alliance (42) allied telesis (201) allsop (38) alogic (58) alphachem (1) altigen (8) altronix (240) aluratek (5) always (1) amazon (5) ambir technology (41) amd (214) amer networks, inc (33) amercareroyal (47) amerelle (2) american battery (10) american industrial systems (5) american paper converters (19) american standard (1) americo manufacturing co. inc. (13) amertac (3) ammex corporation (4) amope (1) ampad (85) amplivox sound systems (2) amt (2) amzer (1) anchor packaging (20) anchor products (1) andis (5) andrea electronics (1) angelo brothers (1) anglers company (2) anker (11) ansell limited (3) antennas direct (1) antop antenna (1) antv (1) aoc (14) aopen (47) apache mills (13) apc (2034) apollo audio visual (11) apricorn (65) arc media (2) arcserve (138) arctic cooling (1) arlo (2) armored autogroup (3) artisan power (4) artisanwax (2) artistic office products (45) artskills (3) aruba (1111) arvco containers (1) as seen on tv (1) asmodee (1) aspyr media (1) asus (626) asustor (21) at-a-glance (36) atdec (101) aten (365) atg (9) atlasied (60) atto technology (66) audiocodes (26) ausdom (1) avanquest (2) avanti (12) aver information (62) avermedia (38) avery dennison (1242) avf (1) avf group (1) avid technology (5) avocent (90) avocor (3) avteq (75) axiom (4146) azio (5) azulle (17) b back to top b&w international (1) b+b smartworx (159) bagcraft (34) bakker elkhuizen (6) balance bar (2) bally (1) bang & olufsen (1) barco (18) barricks (7) battery technology inc. (1249) baumgartens (57) bausch & lomb (2) bayer (2) beaumont products (1) belkin (254) belkin business (41) bem wireless (1) benq america (38) berk (29) berry global, inc. (2) bi-silque (98) bic corp (193) big d (22) big fish (2) big heart pet (1) bigelow tea (41) bigtreetech (1) biotone (2) bioworld merchandising (2) biscomerica (3) bitspower (3) bixolon (72) bk resources (1) black & decker (3) black box innovations (1878) blanks/usa (5) blue diamond (3) blue line (3) blue microphones (7) blue sky (26) blue sky gear (1) blueline (15) boardwalk (841) bobrick (31) body essentials (1) bona (11) bond street (2) bosch (4) bosch security (3) bosstab (1) bostitch (128) boulder (6) bounce (2) bounty (2) bracketron (1) brainboxes (71) brash entertainment (1) brenthaven (4) bretford (37) bright air (13) brighter child (1) brio (4) broadcom (29) brocade (3) broderbund (2) brother (681) brother business products (33) brother mobile solutions (125) brother sewing (37) brown paper goods (5) brownline (1) bubbl'r (3) buffalo (124) bugatti (8) built ny (2) bulldog (1) bully (1) bulova (3) bumble bee foods (5) bunn-o-matic (20) bush furniture (3) buslink media (1) buxton (9) bytech (8) c back to top c-line products (204) c.r. gibson (2) c2g (2565) cable matters (1) caldigit (3) caldrea (17) califone (34) calypso studios (7) canon camera (44) canon print supplies (391) canon usa (184) cardinal brands (110) caribou coffee company (2) carlisle foodservice (2) carolina pad (2) carson dellosa (33) carver (1) cascade (1) cascades (40) case it (11) case logic (89) case-mate (1) casem (2) casio (20) castaway (2) casual arcade (1) cdv software (1) cedar commercial (4) centon (75) centon electronics (1) cfs brands (35) chamberlain (1) champion (65) channeled resources group (1) chard (1) chargerleash (1) chargetech (4) charles leonard (22) charmin (1) chartpak (29) chase products (15) checkpoint zonelabs (24) chef's cut real jerky co (2) chef'schoice (11) chelsio communications (6) cherry (125) chex mix (1) chicago lighthouse (5) chicopee (28) chief (290) chil (8) chill-its (1) chock full o'nuts (2) church & dwight (7) cilio (2) cipe (3) cisco (4566) cisco 3p (351) citrix (8) claire manufacturing company (9) clauss (3) clear crown studios (2) clearone (29) clif bar (12) clorox (107) clover electronics (1) club 3d (33) clx (4) coca cola (4) cocoon innovations (1) codemasters (1) codi (7) coffee house (1) colgate palmolive (12) collective (19) comet (4) comnet (69) comprehensive cable (11) compulocks (591) computer associates (1) conagra brands (8) conair (1) config 6 (2) consolidated stamp (123) continental commercial products (2) contour design (15) controller gear (3) controltek (62) cool gear (2) cooler master (61) corel (10) coreproducts (13) coretex products (1) corsair (135) cosco (59) cottonelle (5) covidien (5) cradlepoint (1) crayola (204) creality (1) cream suds (2) creative labs (55) creative sourcing international (1) creativestar solutions (1) crest (1) cricut (29) crown audio (6) crown mats (56) cru (163) crucial (172) crystal geyser water (2) cta digital (75) ctl (4) cuisinart (5) custom america (20) cyber acoustics (29) cyberdata (52) cyberpower (266) cyberpowerpc (14) d back to top d-line (11) d-link (81) dahle (5) danone (6) dantona (8) dart container corporation (77) das keyboard (13) dascom holdings (24) datacolor (1) datacomm (1) datalocker (23) datalogic (11) datamax (51) dataproducts (1) dataram corporation (3) dawn (15) dax manufacturing (1) dean foods (6) debeukelaer (1) decker tape products, inc. (1) deflecto (177) del disposables (1) dell (134) dell commercial (10) dell remarketing (107) delta faucet (7) denik (2) dewalt (4) dial professional (83) dialogic (23) diamond crystal brands (4) digi international (90) digipower (3) digital concepts (1) digital innovations (2) digital persona (3) disco (2) disney interactive (6) distinow (52) diversey (4) dixie (92) dixon (98) dome (5) domtar (24) donut shop coffee (2) dorcy (2) dorling kindersley multimedia (dk) (6) dove (1) downy (1) dp audio video (3) dr. pepper snapple group (3) dr. scholl's (9) dream saver 3d (3) dreamcatcher interactive (5) dreamgear (2) dri mark (12) drive medical (3) dten (6) dunbar security products (1) durable office products (88) durable packaging (29) duracell (77) duro-med (3) duvoice (7) dymo (222) dymon (10) dynabook (formerly toshiba) (3) e back to top earth friendly products (9) earthchoice (21) eastsport (3) easy 2 go (2) eaton (1222) ec solutions (3) eco style (18) eco vessel (5) eco-highway (1) eco-products (74) ecobee (7) ecocraft (8) ecovacs robotics (4) edge tech (161) edge tech corporation (39) egames (2) ehang (3) eight o'clock (2) eizo by nanao (22) ekahau (1) electrolux home care (24) electronic arts (3) elevate imaging (19) elgato systems (4) elmer's (72) elo touch solutions (170) embrava (8) emerald paper (8) emerald snacks (1) emerge vizon (2) emkay (1) emtec (2) encore software (9) energizer (26) enet components (104) engenius (68) epadlink (4) epos (150) epson (405) epson accessories (33) epson ink (100) ereplacements (3) ergoguys (73) ergotech (14) ergotron (641) erie 216 (7) es robbins (24) esi (3) essity (95) esterline advanced input sys. (3) etekcity (2) eternal (2) eufy (3) ever & ever (1) eveready battery (21) everki usa (7) eversharp (3) evga (32) evolis (5) evoluent (14) excalibur (4) excell metal products (1) excello global products (1) excitrus (2) extreme networks (157) f back to top f5 (3) fabri-kal (29) fabrique (19) falcon safety (14) fantapak (2) fargo electronics (24) febreze (10) fellowes (541) ferrara (4) ferrero (1) fi hi original soundtrack (1) fiberlock (1) field trip snacks (4) filemaker (3) filofax (2) fine impressions (1) finisar (14) finish (1) fire king (7) first aid only (232) first quality (10) fiskars (15) flipside products (28) floortex (1) fluke (426) fogware publishing (1) ford gum & machine (1) fortinet (142) fourgals (1) fractal design (40) francine collections (16) franklin cleaning technology (1) fratelli guzzini (4) fresh products (80) frito-lay (13) fuji photo (24) fuji photo film usa (1) fujitsu (76) g back to top gaiam (3) gain (2) gamber johnson (1) garibaldi (1) garmin (43) gbc (38) ge lighting (3) geek chef (1) gefen (22) gen (197) general electric (21) general mills (11) genius products (1) genovation (3) geographics paper (21) georgia pacific (145) geovision (115) getac, inc (1) gevalia (3) ghostek (1) gibson (25) gigabyte (24) global material technologies (15) global software publishing (1) glowear (11) gn1 (7) go-box (1) gojo (216) gold medal (1) goldtouch (3) golla oy (2) google (19) gorilla glue (46) gowise (1) graco (1) great neck saw (13) great western products (1) green klean (12) greene + gray (9) griffin technology (16) guild+pepper (12) guillemot (4) gumdrop cases (1) gvision (25) gyration (5) h back to top hachette book group (7) haiku (8) hain celestial (2) hall research (5) halo2cloud (4) hamilton beach (3) hamilton buhl (42) hammermill (54) hampton bay (1) hand held products (1) handgards (6) hanwha techwin america (292) harman kardon (457) harney & sons (4) hat design works (9) havis (38) heath-zenith (1) heckler design (41) heelys (1) heritage bag (116) hershey (15) hex (12) hfa inc. (63) hgst (178) hi-chew (4) high brew coffee (6) highpoint technologies (7) hint (2) hippus (6) hirsh industries (1) hoffmaster (35) homefree (2) hon (204) honest tea (1) honeywell (607) hoover (35) hospeco (52) hospitality mints (1) house of doolittle (30) howard miller clock (5) hp (1415) hp 3p-ipg (408) hp enterprise (hpe) (1119) hp gov (1) hp large format (176) hp print & supplies (100) hpi - remarketed (2) hsm of america llc (4) htc (3) huhtamaki (33) humanscale (21) hycu (2) hyperkin (1) hyperx (18) hyundai (15) i back to top i-blason (11) ibm (10) iceberg (40) icon (4) iconex (75) icy dock (24) ideal industries (2) ideal networks (5) ideastream (26) identiv (3) iei technology (1) ikruz (2) iluv (1) imaginary people (1) imak (15) impact products (99) imsi-design (1) incase (3) incipio (14) infinite peripherals (5) infinity instruments (3) infocase (23) infocus corporation (36) infogrames (1) infragistics (1) ingenico (1) innergie (1) innovation first (111) innovative (9) innovera (339) instacharge (6) integra (1) integrated bagging systems (122) intel (432) intellinet (53) intermec (113) international paper (9) international tray pads & packaging (1) intex (2) intuit (2) inuvio (1) inwin development (6) iogear (311) ionic pro (3) iosafe (29) ipearl (1) ipg (5) ipvideo (1) iris usa (28) ironclad performance wear (16) ironkey (9) ironwear (2) isg (1) istar (1) istorage limited (18) itw pro (9) ivory (2) j back to top jabra - gn netcom (247) jabra remarketing (2) jack link's beef jerky (1) jacki design (24) jaguar plastics (1) janitized (12) jar systems (2) java trading company (12) jaybird (1) jbl (61) jds industries (2) jelly belly (4) jelmar llc (10) jensen (1) jetpro (1) jl darling corporation (2) jlab audio (2) jm smucker (50) johnson & johnson (30) joysuds (5) juniper (3) just water (1) jvc (3) jwin (1) k back to top kaboom (1) kalypso media (1) kanex (1) kanexpro (5) kanguru (54) kantek (67) kanto living (21) kar's nuts (7) karat (1) kari-out (12) kasernet, inc. (2) kate spade (2) kaz (2) keebler (6) kellogg's (38) kellyrest (5) kensington (238) kent displays (3) kess industrial (8) keurig (18) keydex (3) keysmart (3) kidde (9) kik (3) kimberly clark (264) kind (32) kinesis (19) kingston (327) kioxia america (2) kitchenaid (7) kleenex (25) kleenguard (67) klever (5) knomo (3) knowledge adventure (7) koamtac (34) kodak (33) kodak scanners (26) kofax (3) konami (2) konica minolta (33) kore design (1) koss headphones (10) kraft foods (20) kramer (59) kyocera (38) l back to top la colombe (2) la-z-boy (3) labo (1) lacie (1) land o lakes (1) landing zone (1) lantronix (139) laplink (2) larose (30) lasko (75) lathem (18) lavazza (43) lds industries (2) ledu (3) lee products (33) legacy (1) legrand (184) leitz (3) lenovo (1614) leviton (7) lewis n. clark (8) lexar (4) lexmark (701) lf products (li & fung) (5) lg (dnl) (22) lg electronics (196) lg tvs (31) liebert (156) lil drugstore (6) lind electronics (63) lindt (2) linea italia (9) linear (1) linksys (19) linksys business (11) liz jordan (leadco) (2) loctite (11) logicool (2) logitech (146) logitech business (51) logitech video collaboration (461) lorell (1) lotus bakeries (2) lumeah (2) lumilite (2) lysol (44) m back to top m-edge (1) m.hidary & company inc. (2) m2k (1) mabis (1) mac locks (7) mace group - macally (2) mach speed (3) mad style (3) magic leap inc. (1) magicard (3) mainstays (2) makerbot (34) man & machine (3) manhattan (120) marcal (2) mark oman (1) marking products (24) maroo (1) mars, inc. (48) marshall electronics (5) martin yale (21) maruchan (1) master & dynamic (1) master caster (38) master lock (15) matias (13) max cases (11) max usa (13) maxell (43) maxhub (8) maximum games (2) mcafee (3) mcdavid (6) mcgill metal products (3) mcr safety (89) me & my big ideas (1) mead (113) mead hatcher (1) mechanix (5) medline (53) mee audio (2) mellanox technologies (114) memorex (3) mentos (3) mercury floor machines (4) merisant (3) meshwerx (1) metal ware (3) method (33) metrex (1) metrologic (2) metrovac (5) micon (4) microchip technology inc. (3) microdesk (2) micron (8) micronet (1) microsemi (6) microsoft (203) microsoft surface (183) middle atlantic (331) midlab inc. (9) midland radio (8) midwest trading group (1) mighty leaf tea (4) mill (1) millenium mat (31) mimo monitors (2) minuteman power technologies (102) mist systems (1) mizco international (1) mizuno (8) mmf industries (1) mobile edge (28) mobile pixel (45) mobiledemand (7) mohawk (11) moldex metric (1) moleskine (9) monarch global (2) monarch products (2) mondelez (14) monnit (69) monoprice (1492) monster digital (2) monster energy (3) morcon paper products (47) morpheus 360 (22) moshi (1) mossy oak (7) motorola (8) motsenbocker's (7) mount-it! (41) mousetrapper (2) mozo (2) mr. clean (7) mr. coffee (3) msi (242) msi computer (212) mumbojumbo (4) muratec (1) mydevices (14) mygekogear (7) n back to top n'joy (6) nabisco (14) nachtmann (2) nanoblock (6) national (36) national checking company (2) national hardware (1) nature valley (11) navigator (2) navigon (1) ncomputing (1) ncr (3) ndk (2) nec (251) neenah (132) neewer (1) nekoosa coated products (5) nestle (39) netally (20) netis systems usa corp. (15) netpatibles (290) netscout (5) new england coffee (4) new image (4) nice-pak (2) nintendo (1) nio (4) noble locks (1) noble security (12) nonni's (2) norazza (9) nortek security & control llc (1) north safety products (5) np memory (5) nuance (20) nudell (27) numi tea (13) nuvomed (2) nvidia (90) nxt technologies (48) o back to top o neil (1) o'dell corporation (15) odoban (7) office designs (2) office impressions (3) office snax (22) officemate (48) officeworks (2) oif (11) okidata (6) olympus (9) om system (9) omega (3) omnitron systems (1666) on the go screens (1) on-q (4) opengear (225) oplink security (2) opticon (7) optoma proav (4) optoma technology (94) oral b (1) oralabs (1) oreck (6) oregon scientific (2) oster (2) overland storage (9) oxford (142) oxo (7) p back to top pac-kit safety (1) pacific foods (1) pacific handy cutter (1) packit (1) pacon corporation (364) pactiv evergreen corporation (91) pampers (1) panamax (11) panasonic (210) panduit (655) panorama antennas (93) panter company (3) pap-r products (19) papanicholas coffee (15) paradox interactive (1) paris corporation (14) parsec technologies, inc. (64) pc wholesale exclusive (1) pdi (2) pebble (1) peerless (211) peets (14) pelican (3) pendaflex (100) penny scallan (4) pentel (231) pep rally (1) pepperidge farm (1) pepsico (33) perfect solutions (1) performance food group (3) performance health (1) perk (69) perle systems (2163) pet head (1) petsafe (20) pfister (9) philips (65) phonesoap (2) photoco (1) picnic time (1) piedmont candy (3) pilot automotive (1) pilot pen (258) pimoroni (1) pitt plastics (13) planar systems (43) plantronics (164) play impossible (2) plustek (16) plz corp (28) pny (25) po campo (2) poly (370) polycom (7) pondview interactive (1) pos-x (5) posersnap (2) posturite us ltd (4) powera (2) powerocks (9) pregis (5) premier mounts (49) prestige international, inc. (1) presto (78) prime time packaging (1) primera technology (27) primochill (1) print finishing solutions (4) printek (3) printronix (13) procter and gamble (161) products for you (1) proflex (13) progressive international (144) promise technology (58) protect computer products (21) protective industrial products (93) puffs (2) puregear (5) purex (4) pursfection (2) pyramex safety (3) pyramid technologies (30) q back to top q-tip (1) qnap (428) qomo (10) quality park (269) quanta computer usa (63) quantum (57) quartet (139) quest nutrition (3) quickie (9) qvs (39) r back to top r-go (30) rackmount.it, llc (41) rain design (2) raise 3d (1) rapidx (2) raritan (209) raynor group (2) rayovac (14) razer (14) rca (8) rdi (10) read right (29) really useful boxes (21) realwear (6) reckitt benckiser (37) red bull (5) redi tag (52) rediform office products (77) reese (1) rejuvlife (1) relief pak (3) remcoda (4) remington (1) resolve (3) reviver mobile (5) reynolds (38) rf ideas (5) ribex (1) ricoh laser (223) ricola (1) ring (11) rip van (4) rise k12 (5) riso (1) rite lite (6) roaring spring paper products (29) roccat (1) rocketbook (26) rockline industries (3) rocstor (537) rolland (1) rolodex (13) ronco inventions (14) roots (3) roselle paper (1) rosewill (1) royal (29) royal dansk (1) royal hp (2) royal imaging (1) rt sales, inc. (3) rubbermaid (480) rubbo international inc (7) ruckus wireless (122) rust-oleum (15) s back to top s-pulse (1) sabrent (89) safco products (258) safeguard (4) salamander designs (12) salter brecknell (6) samsill (89) samson technologies (4) samsonite (17) samsung (66) samsung commercial (92) samsung consumer (3) samsung display (3) samsung display commercial (21) samsung mobile accessories (1) samsung mobile accessories commercial (2) samsung ssd (26) san jamar (67) sandisk (143) sanford brands (519) sangoma (23) sani professional (27) sanus (11) satechi (2) sauder woodworking (3) saunders (42) sc johnson (134) sca tissue (8) schneider pen (5) scholastic (1) school zone publishing (1) scm microsystems (2) scosche (8) scott (70) scotwood industries (4) scrubs (5) seagate (148) seal shield (43) sealed air (54) seaman paper company (1) seattle's best (7) see all industries (8) segula (2) seh technology, inc. (11) seiko (34) selectmedia entertainment (1) selectsoft publishing (8) sempermed (10) sennheiser electronic (1) sentry (10) serif (3) server technology (1) server technology inc (209) setton farms (6) seventh generation (26) seville (2) sharp electronics (111) sharper image (3) shultz (3) shurtape (1) shurtech (73) shuttle computer (13) sierra wireless data (53) sierra wireless data inc (1) signifi mobile (1) siig (357) silex technology america (11) simon & schuster (1) singer sewing co (5) sisters 2 inc. (1) skil (1) skinnypop (1) skullerz (2) slice (4) smart (23) smart avi (5) smart gear (5) smartsound (1) smd technologies (2) smead (938) smith and wesson (18) smith corona (6) smk (14) smoothtalker (1) snuggle (2) snyder's (4) socket communications (153) sofasox (1) sofidel (18) softalk (19) sol republic (1) solarflare communications, inc. (10) solaris paper (1) solo new york (40) sonicwall (429) sonix (2) sonnet technologies (5) sony (32) sony entertainment (2) sony projector (17) sophos (27) soporcel (6) soundstream (8) soundview (20) southern champion tray (58) southworth (53) spangler candy (5) speakmansure (5) spectrum antenna (1) spellbound (2) spic and span (4) spill magic (8) spray nine (4) spyclops (1) square enix usa (1) sqwincher (8) staedtler (28) stanley black & decker (8) star micronics (98) starbucks (22) startech (3316) stauffer (1) steelcase (2) steelseries (30) sterno (11) sti (1) stm bags (8) storck (3) storex (45) stout (23) stride writing (46) style asia (1) stylishly stored (1) sugar foods corporation (9) sun cloud (6) sun products (5) sunbeam (4) suncast corporation (11) sunshine makers (16) supermicro (229) surecall (6) sweda usa (1) swiffer (7) swift response (5) swiftpoint (1) swimways corp. (1) swingline (147) swiss+tech (1) syba (25) synology (98) t back to top tabbies (31) tablemate (27) take 2 interactive (1) tallygenicom (4) tampax (3) tandberg data (2) taoglas (4) targus (410) targus refurb (3) tarifold (3) tatco (27) td sourcing (21) teacher created resources (12) team group inc. (10) team three group (3) technaxx (7) teemate (2) teh tung (1) teklynx (1) tell manufacturing (8) tennsco (4) terramaster system (2) texas instruments (54) tfp data systems (2) tg3 electronics (6) the coin-tainer co (1) the joy factory (114) the packaging wholesalers (1) the pencil grip (5) theochem (6) thermaltake (118) thinktank technology (1) thronmax (4) thule (7) tide (4) tidi (7) tierra garden (1) tiltpod (4) timemist (3) tolco (8) tombow (33) tootsie roll (7) topaz systems (55) topics entertainment (5) tops business forms (651) toshiba (64) total micro (387) totes-isotoner (2) tp link (202) tpg - ens group (13) tradex international (34) transcend (42) transition networks (434) transmarco amenities (33) trapeze (2) travelers club (2) travelon (48) trend enterprises, inc. (51) trend micro (1) trendnet (228) tri industries (4) trina turk (3) trinity plastics (9) trion worlds (1) tripp lite (4505) trodat (1) troy group (27) tru red (297) true clear (2) trustmedical (4) truvia (3) tst impreso (3) tucano (4) tune wear (1) twinings (15) tyan (1) tycon systems (42) tylt (1) u back to top u brands (135) u. s. stamp & sign (88) u.s. pumice (2) ubi soft (4) ubiquiti networks (144) ultimate ears (7) uncaged ergonomics (4) uncharted (4) uni-ball (158) uniden (4) unilever (11) unimed corp (1) union & scale (31) unirise usa (64) unitech (1) universal office products (1109) urban armor gear (5) urban factory (59) urnex (4) us robotics (6) utilitech (1) utz (2) uzbl (9) v back to top v7 (50) vaddio (324) vakoss (1) valcom (8) valusoft (8) vantage point (2) vantec (8) vaseline (3) vaultz (1) vegware (20) velcro (13) velleman (3) vend-rite (6) ventev (2) veracity (21) verbatim corporation (212) veridian healthcare (1) veritas (6) verizon wireless (1) versatainers (1) vertiflex (8) vertiv (681) viatek (4) vibe (2) vicks (1) victor (82) victory light (16) viewsonic (64) visiontek (241) viva media (7) vivitek (37) vivotek (13) vizio (14) vtech (27) vu ryte (1) vulcan information packaging (1) w back to top wahl (1) walker's shortbread (4) wasp barcode (2) wasserstein (1) watchguard technologies (75) wd-40 (8) webster industries (67) weigh-tronix (3) weiman (18) weltron (23) westcott (109) westek (12) western digital (227) western plastics, inc. (2) western states envelope (39) westinghouse (3) weston (1) westscott (1) wexford labs (2) weyerhaeuser paper (2) whalen furniture (4) whitmor (3) wilson electronics (3) wilson jones (27) wincup (8) windsoft (15) wna, inc. (45) wonderful (6) workwell technologies (15) world centric (97) world dryer (1) worryfree gadgets (1) wrigley (8) wypall (37) wyze (1) x back to top x-acto (16) x-mini (1) xebec (4) xerox (436) xilinx inc. (7) xlinx (1) xpg (2) xstamper (17) xtrememac (21) y back to top yealink (112) youth digital (1) z back to top zagg (51) zavor (1) zebra pen (97) zebra technologies (21) zell (1) zep inc. (65) zipbuds (1) zoll medical corp (4) zorelle (1) zotac (10) zyliss (1) zyxel (114) contact us customer service technical support become an affiliate view all brands quick help shipping methods track your order rebate inquiry company info about us privacy statement careers terms & conditions stay connected subscribe to newsletter we accept: © 1995 - 2024 spacebound, inc. all rights reserved. all product and brand names are trademarks or registered trademarks of their respective holders.