来源URL: https://web.archive.org/web/20111015045819/http://www.activerideshop.com/c/Retail-Stores.htm
================================================================================

active ride shop - retail locations active ride shop help gift cards wishlist stores womens new arrivals (0 items) $0.00 view cart checkout my account sign in men's clothing footwear accessories skate products snow products active team riders brands sale products featured brands active nike sb emerica altamont rvca kr3w supra vans categories denim shorts t-shirts premium t-shirts sweatshirts flannels shoes backpacks hats watches sunglasses socks collections new arrivals new brand - comune featured brands active women's billabong women's element women's ezekiel women's hurley women's matix women's obey women's rvca women's categories t-shirts tank tops v-neck t-shirts miscellaneous tops sweatshirts dresses denim shoes boots handbags watches sale collections new arrivals tee shop bargain fever featured brands active baker chocolate deathwish girl plan b spitfire zero categories decks trucks wheels bearings custom complete videos skate tools skate wax hardware griptape collections new arrivals featured brands ashbury air blaster dc dragon holden neff nitro oakley categories men's snowboards men's boots men's bindings men's jackets men's pants men's gloves goggles videos women's snowboards women's jackets women's boots collections new arrivals active ride shop - retail locations customer service check order status gift card balance shipping info return and exchanges find a retail store ordering customer testimonials size charts security purchase a gift card skateboard builder features news and events contests & giveaways downloads videos partner sites skateboard info skateboards 101 how to build a complete skateboard brands company info about us careers at active contact us privacy policy parents info retail stores brea burbank chino chino hills costa mesa el segundo escondido huntington beach irvine spectrum long beach norco orange rancho cucamonga riverside san diego (mission valley) san dimas santa monica temecula thousand oaks tustin valencia brea 1160-b east imperial hwy. brea, ca 92821 714.256.8516 brea@activerideshop.com get driving directions hours: mon-fri 10am - 9pm sat 10am - 7pm sun 11am - 6pm burbank 328 n. san fernando suite 1 burbank, ca 91502 818.333.1580 burbank@activerideshop.com get driving directions hours: mon-sat 10am - 9pm sun 11am - 8pm chino 5501-a philadelphia st. chino, ca 91710 909.465.1600 chino@activerideshop.com get driving directions hours: mon-fri 10am - 9pm sat 10am - 7pm sun 11am - 6pm chino hills the shoppes at chino hills 13920 city center dr., suite 4025 chino hills, ca 91709 909.203.4640 get driving directions hours: mon-fri 10am - 9pm sat 10am - 10pm sun 11am - 7pm costa mesa 2937 bristol st. at the camp costa mesa, ca 92626 714.432.1918 costamesa@activerideshop.com get driving directions hours: mon-fri 10am - 9pm sat 10am - 7pm sun 11am - 6pm el segundo 720-a allied way el segundo, ca 90245 310.606.8621 elsegundo@activerideshop.com get driving directions hours: mon-sat 10am - 9pm sun 11am - 7pm escondido 1230 autopark way escondido, ca 92029 760.839.6941 escondido@activerideshop.com get driving directions hours: mon-fri 10am - 9pm sat 10am - 7pm sun 11am - 7pm huntington beach (now open) the strand 155 5th street, suite 111 huntington beach, ca 92648 714.500.0010 huntingtonbeach@activerideshop.com get driving directions hours: mon-fri 10am - 9pm sat-sun 10am - 7pm irvine spectrum irvine spectrum center 71 fortune drive, space 816 irvine, ca 92618 949.296.3094 get driving directions hours: mon-thu 10am - 9pm fri-sat 10am - 10pm sun 10am - 9pm long beach 7585 carson blvd long beach, ca 90808 562.444.3174 longbeach@activerideshop.com get driving directions hours: mon-thu 10am - 9pm fri-sat 10am - 10pm sun 11am - 8pm norco 1295 hamner avenue suite b norco, california 92860 951.256.8622 norco@activerideshop.com get driving directions hours: mon-fri 10am - 9pm sat 10am - 7pm sun 11am - 6pm orange 1500 e. village way suite #2201 the village at orange orange, ca 92865 714.221.1094 orange@activerideshop.com get driving directions hours: mon-fri 10am - 9pm sat 10am - 7pm sun 11am - 6pm rancho cucamonga 10399 foothill blvd. suite 104 rancho cucamonga, california 91730 909.987.9928 ranchocucamonga@activerideshop.com get driving directions hours: mon-fri 10am - 9pm sat 10am - 7pm sun 11am - 6pm riverside 3625 riverside plaza dr. #m-4 riverside, ca 92506 951.300.1860 riverside@activerideshop.com get driving directions hours: mon-fri 10am - 9pm sat 10am - 7pm sun 11am - 6pm san diego at mission valley westfield mission valley 1144 camino del rio north san diego, ca 92108 619.398.0320 missionvalley@activerideshop.com get driving directions hours: mon-sat 10am - 9pm sun 11am - 6pm san dimas 678 w. arrow hwy san dimas, ca 91773 909.592.0661 sandimas@activerideshop.com get driving directions hours: mon-fri 10am - 9pm sat 10am - 7pm sun 11am - 6pm santa monica 1460 4th street santa monica, ca 90401 310.857.1360 santamonica@activerideshop.com get driving directions hours: mon-sat 10am - 10pm sun 11am - 8pm temecula 29720 rancho california rd. temecula, ca 92591 951.693.4155 temecula@activerideshop.com get driving directions hours: mon-fri 10am - 9pm sat 10am - 7pm sun 11am - 6pm thousand oaks (now open) the oaks 180 west hillcrest drive, suite 101 thousand oaks, ca 91360 805.413.0280 thousandoaks@activerideshop.com get driving directions tustin 2893 el camino real tustin, ca 92782 714.824.8852 tustin@activerideshop.com get driving directions hours: mon-fri 10am - 9pm sat 10am - 7pm sun 11am - 6pm valencia 24175 magic mountain parkway valencia, ca 91355 661.705.2020 valencia@activerideshop.com get driving directions hours: mon-fri 10am - 9pm sat 10am - 7pm sun 11am - 6pm no entries no entries no entries help site index help my account order status shipping info returns gift card balance email preferences coupons active info retail stores free catalog online catalog blog, news & events contests & giveaways womens about active careers privacy policy rss feed (what is this?) live support wildcard ssl © 2000-2011 aslu llc. all rights reserved a short list of some of the best brands available: active mens clothing shirts shorts skate shoes footwear t-shirts board shorts sweatshirt jackets hats adidas mens clothing shirts shorts skate shoes footwear t-shirts board shorts sweatshirt jackets hats air blaster mens clothing shirts shorts skate shoes footwear t-shirts board shorts sweatshirt jackets hats altamont mens clothing shirts shorts skate shoes footwear t-shirts board shorts sweatshirt jackets hats analog mens clothing shirts shorts skate shoes footwear t-shirts board shorts sweatshirt jackets hats anon mens clothing shirts shorts skate shoes footwear t-shirts board shorts sweatshirt jackets hats ashbury mens clothing shirts shorts skate shoes footwear t-shirts board shorts sweatshirt jackets hats baker mens clothing shirts shorts skate shoes footwear t-shirts board shorts sweatshirt jackets hats bond mens clothing shirts shorts skate shoes footwear t-shirts board shorts sweatshirt jackets hats bones mens clothing shirts shorts skate shoes footwear t-shirts board shorts sweatshirt jackets hats burton mens clothing shirts shorts skate shoes footwear t-shirts board shorts sweatshirt jackets hats chocolate mens clothing shirts shorts skate shoes footwear t-shirts board shorts sweatshirt jackets hats converse mens clothing shirts shorts skate shoes footwear t-shirts board shorts sweatshirt jackets hats dakine mens clothing shirts shorts skate shoes footwear t-shirts board shorts sweatshirt jackets hats deathwish mens clothing shirts shorts skate shoes footwear t-shirts board shorts sweatshirt jackets hats dekline mens clothing shirts shorts skate shoes footwear t-shirts board shorts sweatshirt jackets hats diamond mens clothing shirts shorts skate shoes footwear t-shirts board shorts sweatshirt jackets hats electric mens clothing shirts shorts skate shoes footwear t-shirts board shorts sweatshirt jackets hats element mens clothing shirts shorts skate shoes footwear t-shirts board shorts sweatshirt jackets hats emerica mens clothing shirts shorts skate shoes footwear t-shirts board shorts sweatshirt jackets hats es mens clothing shirts shorts skate shoes footwear t-shirts board shorts sweatshirt jackets hats fallen mens clothing shirts shorts skate shoes footwear t-shirts board shorts sweatshirt jackets hats flud mens clothing shirts shorts skate shoes footwear t-shirts board shorts sweatshirt jackets hats g shock mens clothing shirts shorts skate shoes footwear t-shirts board shorts sweatshirt jackets hats girl mens clothing shirts shorts skate shoes footwear t-shirts board shorts sweatshirt jackets hats gravis mens clothing shirts shorts skate shoes footwear t-shirts board shorts sweatshirt jackets hats herschel mens clothing shirts shorts skate shoes footwear t-shirts board shorts sweatshirt jackets hats holden mens clothing shirts shorts skate shoes footwear t-shirts board shorts sweatshirt jackets hats independent mens clothing shirts shorts skate shoes footwear t-shirts board shorts sweatshirt jackets hats jslv mens clothing shirts shorts skate shoes footwear t-shirts board shorts sweatshirt jackets hats krooked mens clothing shirts shorts skate shoes footwear t-shirts board shorts sweatshirt jackets hats l1 mens clothing shirts shorts skate shoes footwear t-shirts board shorts sweatshirt jackets hats lakai mens clothing shirts shorts skate shoes footwear t-shirts board shorts sweatshirt jackets hats lib tech mens clothing shirts shorts skate shoes footwear t-shirts board shorts sweatshirt jackets hats lrg mens clothing shirts shorts skate shoes footwear t-shirts board shorts sweatshirt jackets hats matix mens clothing shirts shorts skate shoes footwear t-shirts board shorts sweatshirt jackets hats nike sb mens clothing shirts shorts skate shoes footwear t-shirts board shorts sweatshirt jackets hats nike snowboarding mens clothing shirts shorts skate shoes footwear t-shirts board shorts sweatshirt jackets hats nixon mens clothing shirts shorts skate shoes footwear t-shirts board shorts sweatshirt jackets hats obey mens clothing shirts shorts skate shoes footwear t-shirts board shorts sweatshirt jackets hats penny mens clothing shirts shorts skate shoes footwear t-shirts board shorts sweatshirt jackets hats rome mens clothing shirts shorts skate shoes footwear t-shirts board shorts sweatshirt jackets hats rvca mens clothing shirts shorts skate shoes footwear t-shirts board shorts sweatshirt jackets hats sabre mens clothing shirts shorts skate shoes footwear t-shirts board shorts sweatshirt jackets hats sector 9 mens clothing shirts shorts skate shoes footwear t-shirts board shorts sweatshirt jackets hats specialblend mens clothing shirts shorts skate shoes footwear t-shirts board shorts sweatshirt jackets hats spitfire mens clothing shirts shorts skate shoes footwear t-shirts board shorts sweatshirt jackets hats stussy mens clothing shirts shorts skate shoes footwear t-shirts board shorts sweatshirt jackets hats supra mens clothing shirts shorts skate shoes footwear t-shirts board shorts sweatshirt jackets hats the hundreds mens clothing shirts shorts skate shoes footwear t-shirts board shorts sweatshirt jackets hats thirty two mens clothing shirts shorts skate shoes footwear t-shirts board shorts sweatshirt jackets hats thunder mens clothing shirts shorts skate shoes footwear t-shirts board shorts sweatshirt jackets hats toy machine mens clothing shirts shorts skate shoes footwear t-shirts board shorts sweatshirt jackets hats union mens clothing shirts shorts skate shoes footwear t-shirts board shorts sweatshirt jackets hats vans mens clothing shirts shorts skate shoes footwear t-shirts board shorts sweatshirt jackets hats vestal mens clothing shirts shorts skate shoes footwear t-shirts board shorts sweatshirt jackets hats volcom mens clothing shirts shorts skate shoes footwear t-shirts board shorts sweatshirt jackets hats