来源URL: https://web.archive.org/web/20151225062936/http://www.4inkjets.com/More-Brands-printer-ink-cartridges-toner
================================================================================

laser toner cartridges - inkjet cartridges - 4inkjets we detected that your javascript seem to be disabled. you must have javascript enabled in your browser to utilize the functionality of this website. free shipping on orders over $50* free shipping on orders over $50 to the contiguous u.s. multiple fulfillment centers - so you get your order faster! orders placed before 4pm usually ship the same day! close learn more live support 7 days a week at 800-465-5387 menu 4 ink jets search go my cart 0 you have no items in your shopping cart. track order create account sign in close shop brands: hp canon epson brother lexmark dell samsung more brands kodak konica-minolta kyocera-mita okidata panasonic pitney bowes ricoh sharp toshiba xerox additional brands supplies 3d printing cables ink refill kits paper printer store 800-465-5387 track order sign in about us contact privacy policies shipping policies faq customer service: 800-465-5387 m-f 6am - 6pm pst sat&sun 7am - 4pm pst more brands shop by printer family select a printer family select a printer family acom amano amt anzac apple astrojet birmy graphics bryce c. itoh casio compaq printers computer language res copystar data-pac dataproducts dec dec colorwriter dymo eicon laser electronic forms gestetner hasler ibm infoprint imagen imagistics interface systems lanier lasermaster mimaki muratec mutoh nashuatec laser printers nec neopost newgen north atlantic oce olivetti olympia pantum primera printronix psi rena riso risograph roland savin secap sindoh star micronics tallygenicom tandem telenorma tenofax texas instruments xante accel-a-writer other acom adler royal amano amt anzac apple astrojet birmy graphics bryce c. itoh casio citizen compaq printers computer language res copystar data-pac dataproducts dec dec colorwriter decision data dymo eicon laser electronic forms fujitsu gestetner hasler ibm infoprint imagen imagistics interface systems lanier lasermaster mimaki muratec mutoh nashuatec laser printers ncr nec neopost newgen north atlantic oce olivetti olympia p series pantum porelon primera printronix psi rena riso risograph roland savin secap sindoh smith corona star micronics tallygenicom tandem telenorma tenofax texas instruments xante accel-a-writer other or shop by part number select a part number select a part number #16 #17 #26 #27 #50 #60 #70 #80 1a3000b01 1a3066b01 01p6897 1t02fz0cs0 1t02fzacs0 1t02fzbcs0 1t02fzccs0 1t02h00cs0 1t02h7acs0 1t02h7bcs0 1t02h7ccs0 1t02h70cs0 1t02jz0cs0 1t02jzacs0 1t02jzbcs0 1t02jzccs0 1t02k0acs0 1t02k0bcs0 1t02k0ccs0 1t02k00cs0 1t02k30cs0 1t02kh0cs0 1t02mv0cs0 1t02mvacs0 1t02mvbcs0 1t02mvccs0 1t02nl0cs0 1t02np0cs0 1t02npacs0 1t02npbcs0 1t02npccs0 1t02p80cs0 2c982010 3a0100b02 3a1600b01 3a1600b21 3a1600b22 4a0040b02 4a0040b05 4a0040b13 10n0016 10n0026 10n0217 10n0227 12a1970 12a1980 12a1990 12b0090 17g0050 17g0060 20-055 20-100 20-122 20-125 20-152 28p1882 28p1883 28p2009 28p2010 28p2012 28p2014 28p2412 28p2420 28p2493 28p2494 28p2625 28p2627 38l1410 39v0311 39v0312 39v0313 39v0314 39v0384 39v0529 39v0530 39v0542 39v0544 39v0546 39v0924 39v0925 39v0926 39v0928 39v0929 39v0930 39v0931 39v0932 39v0933 39v0934 39v0935 39v0936 39v0937 39v0938 39v0939 39v0940 39v0941 39v0942 39v1626 39v1627 39v1628 39v1638 39v1642 39v1644 39v1912 39v1913 39v1914 39v1919 39v1920 39v1921 39v1922 39v1923 39v1924 39v1925 39v1926 39v2208 39v2209 39v2210 39v2211 39v2212 39v2280 39v2313 39v2318 39v2320 39v2331 39v2430 39v2431 39v2432 39v2433 39v2438 39v2439 39v2440 39v2441 39v2442 39v2443 39v2444 39v2445 39v2446 39v2447 39v2448 39v2449 39v2495 39v2511 39v2513 39v2515 39v2600 39v2601 39v2602 39v2603 39v2604 39v2606 39v2609 39v2613 39v2614 39v2617 39v2620 39v2629 39v2630 39v2632 39v2633 39v2634 39v2635 39v2637 39v2638 39v2640 39v2644 39v2645 39v2648 39v2649 39v2651 39v2696 39v2699 39v2773 39v2969 39v2971 39v3202 39v3204 39v3206 39v3353 39v3354 39v3355 39v3356 39v3357 39v3358 39v3411 39v3412 39v3525 39v3590 39v3600 39v3628 39v3713 39v3715 39v3717 39v3886 39v3901 39v3926 39v4048 39v4049 39v4050 39v4051 39v4052 39v4053 39v4054 39v4055 39v4060 39v4061 39v4062 39v4063 39v4064 39v4065 39v4066 39v4067 39v4068 39v4150 39v4362 39v4366 39v4423 39v4424 39v4425 39v4426 39v4544 39v4545 39v4546 39v4547 41u1680 41u2235 44a507014g08b 44a509160g02 44a509160g03 44d7762 45u3891 45u3895 51-0019-5301-00 53p7582 53p7706 53p7707 53p9360 53p9361 53p9362 53p9363 53p9372 53p9396 53p9397 53p9398 57p1743 57p2308 63h2401 63h3005 69g7373 69g7374 75p4048 75p4049 75p4050 75p4051 75p4052 75p4053 75p4054 75p4055 75p4056 75p4057 75p4058 75p4301 75p4303 75p4305 75p4686 75p5427 75p5428 75p5430 75p5431 75p5438 75p5520 75p5522 75p5711 75p5712 75p6050 75p6052 75p6872 75p6873 75p6874 75p6875 75p6877 75p6959 75p6961 75p6963 90h0748 90h3566 90h3570 91a black 200-100158 200-100159 200-100160 200-100161 200-100163 200-100164 200-100165 200-100166 200-100222 200-100223 200-100224 200-100225 200-100227 200-100228 200-100229 200-100230 302fm93096 370ab016 370am016 370qb012 460-4 461-3 473-0 473-7 473-8 477-1 477-2 477-3 477-4 484-4 484-5 485-3 485-4 485-5 485-7 666-5 794-3 816-8 817-5 817-6 824-5 824-6 1918 black 5400 7354 9839 9845 9846 9851 9860 9868 9875 9876 9887 9894 9896 18101 18102 18103 18104 40910 41913 043320 043376 044829 044830 45010 45013 53331 53335 53336 53422 53423 53424 53429 060097 060425 060426 062471 080294 080296 082285 082725 083683 84563 86039 086041 89839 89845 89846 89851 89875 89887 89892 92275a 92291a 92295a 107675-001 107675-005 107675-007 107675-008 130074 172293-001 175006-001 175220-001 179499-001 250269-005 255048-402 400633 400878 400879 400880 402307 402324 402809 406683 407165 407653 407654 407655 407656 413026 413460 430223 430228 821117 821118 821119 821120 821181 821182 821183 821184 841000 841276 841277 841278 841279 841284 841285 841286 841287 841295 841296 841297 841298 841332 841333 841334 841335 841336 841338 841339 841340 841341 841342 841343 841344 841345 841346 841420 841452 841578 841591 841592 841593 841621 841679 841680 841681 841682 841714 841768 841780 841781 841782 841783 841849 841850 841851 841852 844110-001 884922 885257 885372 885373 885374 885375 885400 885531 888029 888260 888308 888309 888442 888443 888444 888445 888604 888605 888606 888607 888636 888637 888638 888639 1040875 1053685 1361210 1361211 1361212 1361213 1380520 1382100 1382150 1382760 1402823 1402824 2420611 2960707 3300028d 3300262x 4127175q 4127176r 4127978b 4127979c 4135554t 4135554x 4145144h 7465233-01 8100032h 25001843 25001878 29953719 29953720 29953721 29953722 37016016 37028015 37029015 37041015 37090015 52106701 255049102 22466010003 aab-104443 aab-105453 c6120a c6168a c6169a c6170a c6173a c6195a c8842a c9007a c9050a ce-319252 cq849a dib-c-0091 dk120 dk 2030 erc-09b erc-09p erc-18b erc-18p erc-32b erc-32p es3 black es3 cleaning es3 cyan es3 light cyan es3 light magenta es3 magenta es3 yellow es3bk es3c es3cl es3lc es3lm es3m es3y esl-3cl esl3-4bk esl3-4c esl3-4lc esl3-4lm esl3-4m esl3-4y ijink678h ijink3456h imink4hc iq2392a is56ink isink4hc kx-p150 la30r-ka la40r-ka la80rp-ka lexmark #16 lexmark #90 m1960g m4683ga m5893g m6000 mcr2010 ml260xaa n400drm n700nt30 nm400t2hkr nm400t5kr p0020 p2000 p2050 p2600 p3200d p3205d pb110 pb110h pb310 pb310h pf155 q2321a q2344a q2358a q2392a rc200br rc200p rc300b rc300p s132 s539 s549la s569 s952 s2314 s2488 s2500 s2659 s3192 s4202 s4206 s4250 s4254 s4386 sp 100la sp 5200ha sp c252ha ss2 black ss2 cleaning cartridge ss2 cyan ss2 light cyan ss2 light magenta ss2 magenta ss2 yellow ss2bk ss2c ss2cl ss2lc ss2lm ss2m ss2y ss21 black ss21 cyan ss21 magenta ss21 yellow ss21bk ss21c ss21m ss21y t-dp100-bk t-dp100-cy t-dp100-mg t-dp100-ye tk-423 tk-719 ts-120 ts-300 ts-560 ts-565 ts-40360 ts-41500e ts2030 ts3510 type 160 black type 160 cyan type 160 magenta type 160 yellow type 1150d type 1170d type 6110d vj-msink3bk vj-msink3c vj-msink3cl vj-msink3lc vj-msink3lm vj-msink3m vj-msink3y w0001 wj69ink wjink1 #16 #17 #26 #27 #50 #60 #70 #80 1a3000b01 1a3066b01 01p6897 1t02fz0cs0 1t02fzacs0 1t02fzbcs0 1t02fzccs0 1t02h00cs0 1t02h7acs0 1t02h7bcs0 1t02h7ccs0 1t02h70cs0 1t02jz0cs0 1t02jzacs0 1t02jzbcs0 1t02jzccs0 1t02k0acs0 1t02k0bcs0 1t02k0ccs0 1t02k00cs0 1t02k30cs0 1t02kh0cs0 1t02mv0cs0 1t02mvacs0 1t02mvbcs0 1t02mvccs0 1t02nl0cs0 1t02np0cs0 1t02npacs0 1t02npbcs0 1t02npccs0 1t02p80cs0 2c982010 3a0100b02 3a1600b01 3a1600b21 3a1600b22 4a0040b02 4a0040b05 4a0040b13 10n0016 10n0026 10n0217 10n0227 12a1970 12a1980 12a1990 12b0090 17g0050 17g0060 20-055 20-100 20-122 20-125 20-152 28p1882 28p1883 28p2009 28p2010 28p2012 28p2014 28p2412 28p2420 28p2493 28p2494 28p2625 28p2627 38l1410 39v0311 39v0312 39v0313 39v0314 39v0384 39v0529 39v0530 39v0542 39v0544 39v0546 39v0924 39v0925 39v0926 39v0928 39v0929 39v0930 39v0931 39v0932 39v0933 39v0934 39v0935 39v0936 39v0937 39v0938 39v0939 39v0940 39v0941 39v0942 39v1626 39v1627 39v1628 39v1638 39v1642 39v1644 39v1912 39v1913 39v1914 39v1919 39v1920 39v1921 39v1922 39v1923 39v1924 39v1925 39v1926 39v2208 39v2209 39v2210 39v2211 39v2212 39v2280 39v2313 39v2318 39v2320 39v2331 39v2430 39v2431 39v2432 39v2433 39v2438 39v2439 39v2440 39v2441 39v2442 39v2443 39v2444 39v2445 39v2446 39v2447 39v2448 39v2449 39v2495 39v2511 39v2513 39v2515 39v2600 39v2601 39v2602 39v2603 39v2604 39v2606 39v2609 39v2613 39v2614 39v2617 39v2620 39v2629 39v2630 39v2632 39v2633 39v2634 39v2635 39v2637 39v2638 39v2640 39v2644 39v2645 39v2648 39v2649 39v2651 39v2696 39v2699 39v2773 39v2969 39v2971 39v3202 39v3204 39v3206 39v3353 39v3354 39v3355 39v3356 39v3357 39v3358 39v3411 39v3412 39v3525 39v3590 39v3600 39v3628 39v3713 39v3715 39v3717 39v3886 39v3901 39v3926 39v4048 39v4049 39v4050 39v4051 39v4052 39v4053 39v4054 39v4055 39v4060 39v4061 39v4062 39v4063 39v4064 39v4065 39v4066 39v4067 39v4068 39v4150 39v4362 39v4366 39v4423 39v4424 39v4425 39v4426 39v4544 39v4545 39v4546 39v4547 41u1680 41u2235 44a507014g08b 44a509160g02 44a509160g03 44d7762 45u3891 45u3895 51-0019-5301-00 53p7582 53p7706 53p7707 53p9360 53p9361 53p9362 53p9363 53p9372 53p9396 53p9397 53p9398 57p1743 57p2308 63h2401 63h3005 69g7373 69g7374 75p4048 75p4049 75p4050 75p4051 75p4052 75p4053 75p4054 75p4055 75p4056 75p4057 75p4058 75p4301 75p4303 75p4305 75p4686 75p5427 75p5428 75p5430 75p5431 75p5438 75p5520 75p5522 75p5711 75p5712 75p6050 75p6052 75p6872 75p6873 75p6874 75p6875 75p6877 75p6959 75p6961 75p6963 90h0748 90h3566 90h3570 91a black 200-100158 200-100159 200-100160 200-100161 200-100163 200-100164 200-100165 200-100166 200-100222 200-100223 200-100224 200-100225 200-100227 200-100228 200-100229 200-100230 302fm93096 370ab016 370am016 370qb012 460-4 461-3 473-0 473-7 473-8 477-1 477-2 477-3 477-4 484-4 484-5 485-3 485-4 485-5 485-7 666-5 794-3 816-8 817-5 817-6 824-5 824-6 1918 black 5400 7354 9839 9845 9846 9851 9860 9868 9875 9876 9887 9894 9896 18101 18102 18103 18104 40910 41913 043320 043376 044829 044830 45010 45013 53331 53335 53336 53422 53423 53424 53429 060097 060425 060426 062471 080294 080296 082285 082725 083683 84563 86039 086041 89839 89845 89846 89851 89875 89887 89892 92275a 92291a 92295a 107675-001 107675-005 107675-007 107675-008 130074 172293-001 175006-001 175220-001 179499-001 250269-005 255048-402 400633 400878 400879 400880 402307 402324 402809 406683 407165 407653 407654 407655 407656 413026 413460 430223 430228 821117 821118 821119 821120 821181 821182 821183 821184 841000 841276 841277 841278 841279 841284 841285 841286 841287 841295 841296 841297 841298 841332 841333 841334 841335 841336 841338 841339 841340 841341 841342 841343 841344 841345 841346 841420 841452 841578 841591 841592 841593 841621 841679 841680 841681 841682 841714 841768 841780 841781 841782 841783 841849 841850 841851 841852 844110-001 884922 885257 885372 885373 885374 885375 885400 885531 888029 888260 888308 888309 888442 888443 888444 888445 888604 888605 888606 888607 888636 888637 888638 888639 1040875 1053685 1361210 1361211 1361212 1361213 1380520 1382100 1382150 1382760 1402823 1402824 2420611 2960707 3300028d 3300262x 4127175q 4127176r 4127978b 4127979c 4135554t 4135554x 4145144h 7465233-01 8100032h 25001843 25001878 29953719 29953720 29953721 29953722 37016016 37028015 37029015 37041015 37090015 52106701 255049102 22466010003 aab-104443 aab-105453 c6120a c6168a c6169a c6170a c6173a c6195a c8842a c9007a c9050a ce-319252 cq849a dib-c-0091 dk120 dk 2030 erc-09b erc-09p erc-18b erc-18p erc-32b erc-32p es3 black es3 cleaning es3 cyan es3 light cyan es3 light magenta es3 magenta es3 yellow es3bk es3c es3cl es3lc es3lm es3m es3y esl-3cl esl3-4bk esl3-4c esl3-4lc esl3-4lm esl3-4m esl3-4y ijink678h ijink3456h imink4hc iq2392a is56ink isink4hc kx-p150 la30r-ka la40r-ka la80rp-ka lexmark #16 lexmark #90 m1960g m4683ga m5893g m6000 mcr2010 ml260xaa n400drm n700nt30 nm400t2hkr nm400t5kr p0020 p2000 p2050 p2600 p3200d p3205d pb110 pb110h pb310 pb310h pf155 q2321a q2344a q2358a q2392a rc200br rc200p rc300b rc300p s132 s539 s549la s569 s952 s2314 s2488 s2500 s2659 s3192 s4202 s4206 s4250 s4254 s4386 sp 100la sp 5200ha sp c252ha ss2 black ss2 cleaning cartridge ss2 cyan ss2 light cyan ss2 light magenta ss2 magenta ss2 yellow ss2bk ss2c ss2cl ss2lc ss2lm ss2m ss2y ss21 black ss21 cyan ss21 magenta ss21 yellow ss21bk ss21c ss21m ss21y t-dp100-bk t-dp100-cy t-dp100-mg t-dp100-ye tk-423 tk-719 ts-120 ts-300 ts-560 ts-565 ts-40360 ts-41500e ts2030 ts3510 type 160 black type 160 cyan type 160 magenta type 160 yellow type 1150d type 1170d type 6110d vj-msink3bk vj-msink3c vj-msink3cl vj-msink3lc vj-msink3lm vj-msink3m vj-msink3y w0001 wj69ink wjink1 your printer offers you superior quality every day, but it can be tough to keep it stocked with ink without spending a fortune. we can help! with a full line of oem ink for almost every printer brand on the market as well as remanufactured and compatible choices for many others, you’ll find exactly what you’re looking for every time. saving you more keeping your costs to a minimum is a must these days, and while we always have great service with our savings, that just isn’t enough, so we’ve created more ways to save. with our remanufactured and compatible toner products, you get the same level of quality you’ve come to expect with oem products, but every one of them comes at a fraction of the price. it’s savings your budget will certainly appreciate. want to save even more? stock up and buy in bulk. we offer free shipping on every order to the contiguous u.s. states. check out our guarantee! all of our ink and toner products are backed by our iron-clad 2 year guarantee. it’s one year of hassle-free ink with every purchase. select your model now to get started. if you have any questions or problems, just give us a call! select your printer family to shop more brands apple close apple color laserwriter 12 apple color laserwriter 600 ps apple laserwriter 4 apple laserwriter 12 apple laserwriter 16 apple laserwriter 640 plus apple laserwriter 640p apple laserwriter 640s apple laserwriter select 300 apple laserwriter select 310 apple laserwriter select 360 apple laserwriter select 360w apple laserwriter select 610 apple laserwriter select 8500 go to apple's page astrojet close astrojet imaging system ii astrojet image blaster astrojet 300p astrojet 500p astrojet 1000 astrojet 1000p astrojet 2650p astrojet 2800 astrojet 2800p astrojet 3600p astrojet 3800 astrojet 3800p astrojet ib9000 go to astrojet's page amt close amt accel 535 amt accel 635 amt accel 5350 amt accel 6310 amt accel 6350 amt accel 7350 amt accel 7450 amt cx5400 amt documax a3301 amt documax a3302 amt documax a3303 amt documax a3304 amt documax a6300 amt documax a6301 amt documax a6302 amt documax a6303 amt documax c3300 amt documax c3301 amt documax c3302 amt documax c3303 amt documax c3304 amt documax c6300 amt documax c6301 amt documax c6302 amt documax c6303 amt documax n6300 amt documax n6301 amt documax n6302 amt documax n6303 amt documax t3300 amt documax t3301 amt documax t3302 amt documax t3303 amt documax t3304 amt documax t6300 amt documax t6301 amt documax t6302 amt documax t6303 amt ds400 amt ds440 amt t-1000 amt tx5400 amt xl400 go to amt's page bryce close bryce 9k bryce 9k-l bryce 11k bryce 13k bryce 13k-c bryce 22k bryce 24k bryce 24k-p bryce 24k-pc bryce 24kpsv bryce 26k bryce 30k go to bryce's page casio close casio 4100sr casio 4200sr casio ar-200 casio ce-4100 casio ce-4105 casio ce-4110 casio ce-4115 casio ce-4200 casio ce-4250 casio ce-4415 casio ce-4500 casio ce-4515 casio ce-4530 casio ce-4540 casio ce-4550 casio ce-4615 casio ce-4630 casio ce-4680 casio ce-4700 casio ce-5100 casio ce-6100 casio ce-7000 casio dt-6000 casio fe-700 casio pcr-365 casio sp-1300 casio tk-300 casio tk-1200 casio tk-1300 casio tk-2100 casio tk-2200 casio tk-2300 casio tk-2600 casio tk-2700 casio tk-3000 casio tk-4000 casio tk-4000c casio tk-4100 casio tk-4200 casio tk-4200sr casio tk-4300 casio tk-4500 casio tk-4630 casio tk-6000 casio tk-7000 go to casio's page compaq printers close a900 a1000 a1500 a3000 c3-1000 ij300 ij600 ij650 ij652 ij700 ij750 ij900 ij1200 go to compaq printers's page copystar close copystar cs 3510i copystar cs-180 copystar cs-181 copystar cs-205c copystar cs-220 copystar cs-221 copystar cs-250ci copystar cs-255 copystar cs-255c copystar cs-300ci copystar cs-300i copystar cs-300ix copystar cs-305 copystar cs-400ci copystar cs-500ci copystar cs-552ci copystar cs-1205 copystar cs-1415 copystar cs-1435 copystar cs-1500 copystar cs-1505 copystar cs-1510 copystar cs-1530 copystar cs-1620 copystar cs-1635 copystar cs-1650 copystar cs-1810 copystar cs-1815 copystar cs-1820 copystar cs-2020 copystar cs-2030 copystar cs-2050 copystar cs-2115 copystar cs-2218 copystar cs-2221 copystar cs-2225 copystar cs-2540 copystar cs-2550 copystar cs-2550ci copystar cs-2551ci copystar cs-3010i copystar cs-3040 copystar cs-3050 copystar cs-3060 copystar cs-4050 copystar cs-5035 copystar cs-5050 copystar cs-c2520 copystar cs-c2551ci copystar cs-c3225 copystar cs-c4035e copystar rc-2310l copystar rc-3010l copystar ri-2530 copystar ri-3530 copystar ta-2012 copystar ta-2014 copystar ta-2212 copystar ta-2214 copystar ta-2414 go to copystar's page c. itoh close c. itoh 3500 c. itoh 4000 c. itoh 5000 go to c. itoh's page dataproducts close dataproducts 2200 dataproducts 5000 dataproducts 5000 d dataproducts 5000 dsi dataproducts 5000 si dataproducts bp-1500 dataproducts bp-1800 dataproducts bp-2000 dataproducts cx3400 dataproducts documax a3300 dataproducts lb 1000 dataproducts lm-900 dataproducts lm-1200 go to dataproducts's page dymo close dymo 1000 dymo 1000 plus dymo 2000 dymo 3500 dymo 4500 dymo 5000 dymo 5500 dymo labelmanager 100 dymo labelmanager 110 dymo labelmanager 200 dymo labelmanager 300 dymo labelpoint 200 dymo labelpoint 250 dymo labelpoint 300 go to dymo's page gestetner close gestetner 645 gestetner 745 gestetner 3215s gestetner 3218 gestetner 3220 gestetner 3222 gestetner 3227 gestetner 3532 gestetner 3800u gestetner 4532 gestetner 5110 gestetner 5308l gestetner 6002 gestetner 7502 gestetner 9199 gestetner 9870 gestetner a040 gestetner a041 gestetner a045 gestetner a070 gestetner c7528 gestetner corp gld 801 gestetner corp gls 800 gestetner corp glx 801 gestetner corp laser 800 gestetner corp lx 800 gestetner cs555 gestetner dsc38u gestetner dsc460 gestetner dsc525 gestetner dsc530 gestetner dsc535 gestetner dsc545 gestetner dsm415 gestetner dsm516 gestetner dsm625 gestetner dsm635 gestetner dsm651 gestetner dsm651 sp gestetner dsm660 gestetner dsm660 sp gestetner dsm675 gestetner dsm675sp gestetner dsm735 gestetner dsm735e gestetner dsm745e gestetner dsm755 gestetner dsm755sp gestetner dsm765 gestetner dsm765sp gestetner dsm775 gestetner dsm 516 pf gestetner f104 gestetner f230 gestetner f250 gestetner f270 gestetner fax station 50 gestetner mpc2800 gestetner mpc3000 gestetner p7027 gestetner p7031 gestetner p7032 gestetner p7035 go to gestetner's page hasler close hasler im-330 hasler im-350 hasler im-420 hasler im-440 hasler im-460 hasler im-480 hasler wj20 hasler wj60 hasler wj65 hasler wj90 hasler wj95 hasler wj110 hasler wj135 hasler wj150 hasler wj180 hasler wj185 hasler wj215 hasler wj220 hasler wj250 go to hasler's page neopost close neopost ij25 neopost ij35 neopost ij40 neopost ij45 neopost ij50 neopost ij60 neopost ij65 neopost ij70 neopost ij75 neopost ij80 neopost ij85 neopost ij90 neopost ij105 neopost ij110 neopost is-280 neopost is-330 neopost is-350 neopost is-420 neopost is-430 neopost is-440 neopost is-440 plus neopost is-460 neopost is-480 neopost is-490 neopost is-5000 neopost is-6000 go to neopost's page imagistics close imagistics 1500 imagistics 1530 imagistics 1630 imagistics 1640 imagistics 2500 imagistics 3500 imagistics 5000 imagistics df200 imagistics dl170 imagistics dl460 imagistics fx2080 imagistics fx2100 imagistics fx3000 imagistics im2020 imagistics im3510 imagistics ix2600 imagistics ix2700 imagistics ix2701 imagistics mx2100 imagistics sx1480 imagistics sx2100 go to imagistics's page oce close oce 6025 oce 6127 oce 9300 oce 9400 oce 9600 oce cm2522 oce im3511 oce im3512 oce im4510 oce im4511 oce im4512 oce imagistics 6500 17ppm oce imagistics 6525 17ppm oce imagistics 6525 sls 17ppm oce imagistics 6527 17ppm oce tcs300 oce tcs500 oce tds300 oce tds320 oce tds400 oce tds600 oce variolink 3200x go to oce's page olympia close olympia lp60d olympia olyfax 800 olympia olyfax 805 olympia olyfax 820 olympia olyfax 825 olympia olyfax 826 olympia olyfax 840 olympia olyfax 845 olympia olyfax 846 olympia olyfax 860 olympia olyfax 2500 olympia olyfax 2550 olympia olyfax 2750 olympia olyfax 2775 olympia olyfax 2870 go to olympia's page pantum close p2050 p3200d p3205d m6000 go to pantum's page primera close primera bravo disc publisher primera bravo xr-blu disc publisher primera bravopro autoprinter primera bravo xr disc publisher primera bravo ii disc publisher primera bravo ii autoprinter primera bravopro xi disc publisher primera bravo xrp disc publisher primera bravo se blu disc publisher primera bravo se auto printer primera bravo xrp-blu disc publisher primera bravopro disc publisher primera bravo autoprinter primera optivault archival appliance primera bravo se disc publisher primera bravopro xi autoprinter primera lx900 go to primera's page printronix close printronix mvp printronix l150 printronix p300 printronix p600 printronix p3000 printronix p4280 printronix p5000 printronix p5000h printronix p5000lj printronix p5005b printronix p5008 printronix p5009 printronix p5010 printronix p5015 printronix p5205 printronix p5205b printronix p5208 printronix p5209 printronix p5210 printronix p5215 printronix p5220 printronix p5220s printronix p5224 printronix p6000 printronix p6040 printronix p6080 printronix p7000 printronix p7005 printronix p7005zt printronix p7010 printronix p7010zt printronix p7015 printronix p7015zt printronix p7205 printronix p7210 printronix p7215 printronix p7220 printronix p8010 printronix p8210 printronix p8215 printronix p8220 printronix p9000 printronix p9005 printronix p9008 go to printronix's page rena close rena envelope imager ii rena envelope imager i rena envelope imager iii rena da608 rena da610 rena da612 rena da615 rena da620 rena ps-2000 rena xps-80 rena xps-90 rena xps-2000 go to rena's page riso close riso gr3770 riso m820 mfp go to riso's page risograph close risograph cr1610 risograph cr1630 risograph fp350ui risograph fp3500ui risograph fr2950 risograph fr3910 risograph fr3950 risograph gr1700 risograph gr1750 risograph gr2710 risograph gr2750 risograph gr3700 risograph gr3750 risograph ra4200 risograph ra5900 risograph rc4000 risograph rc4500 risograph rc4900 risograph rc5600 risograph rc5800 risograph rc6300 risograph rn2000ui risograph rn2030ui risograph rn2130ui risograph rn2235ui risograph rn2530ui risograph rp3100ui risograph rp3700ui risograph rz220 risograph rz390 risograph tr1510 go to risograph's page roland close roland raven pr-2406 roland raven pr-2420 roland raven pr-9105 roland rs-540 roland rs-640 roland sc-500 roland sc-540 roland sc-545 roland sc-545ex roland sj-540 roland sj-640 roland sj-645 roland sj-645ex roland sj-740 roland sj-745 roland sj-745ex roland sj-1045 roland sp-300i roland sp-540i roland vp-300 roland vp-300i roland vp-300v roland vp-500 roland vp-500i roland vp-540 roland vp-540i roland vp-540v roland vs-300 roland vs-420 roland vs-540 roland vs-640 roland xc-540 roland xc-540mt roland xj-540 roland xj-640 roland xj-740 go to roland's page ibm infoprint close ibm 3116 ibm 3825 ibm 4019 ibm 4028 ibm 4029 ibm 4312 ibm 4317 ibm 4322 ibm 4693 ibm 4694 ibm 4037 5e ibm 4037 5w ibm 4683 model 3 ibm 4683 model 4 ibm 4684 model 3 ibm 4693 model 4r ibm 4694 model 4 ibm 4694 model 4r ibm 4247 v03 ibm 6400 i05 ibm 6400 model i20 ibm 6400 model 020 ibm infoprint 12 ibm infoprint 20 ibm infoprint 21 ibm infoprint 32 ibm infoprint 40 ibm infoprint 70 ibm infoprint 1116 ibm infoprint 1120 ibm infoprint 1120dn ibm infoprint 1120n ibm infoprint 1125 ibm infoprint 1125dn ibm infoprint 1125n ibm infoprint 1130 ibm infoprint 1130dn ibm infoprint 1130in ibm infoprint 1130n ibm infoprint 1140 ibm infoprint 1140dn ibm infoprint 1140in ibm infoprint 1140n ibm infoprint 1145 ibm infoprint 1220 ibm infoprint 1222 ibm infoprint 1222d ibm infoprint 1222dn ibm infoprint 1226 ibm infoprint 1226tn ibm infoprint 1228 ibm infoprint 1312 ibm infoprint 1332 ibm infoprint 1332n ibm infoprint 1352 ibm infoprint 1352n ibm infoprint 1357 ibm infoprint 1372 ibm infoprint 1372n ibm infoprint 1410 ibm infoprint 1412 ibm infoprint 1422 ibm infoprint 1512 ibm infoprint 1532 express ibm infoprint 1540 mfp ibm infoprint 1552 ibm infoprint 1560 mfp ibm infoprint 1570 mfp ibm infoprint 1572 ibm infoprint 1572 mfp ibm infoprint 1580 mfp ibm infoprint 1585 ibm infoprint 1601 ibm infoprint 1602 ibm infoprint 1612 ibm infoprint 1622 ibm infoprint 1650 mfp ibm infoprint 1811 ibm infoprint 1812 ibm infoprint 1822 ibm infoprint 1823 ibm infoprint 1832 ibm infoprint 1850 mfp ibm infoprint 1852 ibm infoprint 1860 mfp ibm infoprint 1870 mfp ibm infoprint 1872 ibm infoprint 1880 mfp ibm infoprint 1892 ibm infoprint 1930 mfp ibm infoprint 1940 mfp ibm infoprint 1948 mfp ibm infoprint 1968 mfp ibm infoprint 1985 ibm infoprint 1988 mfp ibm infoprint 3900 ibm infoprint 4000 ibm infoprint 4247 ibm infoprint 4320 ibm infoprint 4322 ibm infoprint 6500 v5p ibm infoprint 4247 l03 ibm infoprint 6500 v05 ibm infoprint 6500 v10 ibm infoprint 6500 v15 ibm infoprint 6500 v20 ibm infoprint c2047 ibm infoprint c2057 mfp ibm infoprint c2065 ibm infoprint c2075 mfp ibm infoprint color 1334 ibm infoprint color 1334n ibm infoprint color 1354 ibm infoprint color 1454 ibm infoprint color 1464 ibm infoprint color 1534 ibm infoprint color 1534dn ibm infoprint color 1534n ibm infoprint color 1567 ibm infoprint color 1634 ibm infoprint color 1634dn ibm infoprint color 1634n ibm infoprint color 1654 ibm infoprint color 1664 ibm infoprint color 1754 ibm infoprint color 1759 ibm infoprint color 1764 ibm infoprint color 1767 ibm infoprint color 1769 ibm infoprint color 1824 ibm infoprint color 1825 ibm infoprint color 1826 mfp ibm infoprint color 1834 ibm infoprint color 1836 mfp ibm infoprint color 1846 mfp ibm infoprint color 1854 ibm infoprint color 1856 mfp ibm infoprint color 1866 mfp ibm network printer 12 ibm network printer 17 ibm sureone 4614 go to ibm infoprint's page lanier close lanier 2132 lanier 5222 lanier 5227 lanier 5612 lanier 5613f lanier lanierfax 4100 lanier lanierfax 4110 lanier lanierfax 4140 lanier lanierfax 4160 lanier lanierfax 4180 lanier lanierfax 4250 lanier lanierfax 4260 mfp lanier lanierfax 4275 lanier lanierfax 4400 lanier lanierfax 4600 lanier lanierfax 4800 lanier lc435 lanier lc440 lanier ld015 lanier ld050b lanier ld050sp lanier ld060 lanier ld075 lanier ld117 lanier ld125 lanier ld125spf lanier ld130c lanier ld130csr lanier ld140c lanier ld140csr lanier ld140g lanier ld140sp lanier ld150g lanier ld150sp lanier ld151 lanier ld151sp lanier ld160 lanier ld160c lanier ld160sp lanier ld175 lanier ld175sp lanier ld220 lanier ld255 lanier ld255sp lanier ld260 lanier ld260sp lanier ld265 lanier ld265sp lanier ld270 lanier ld270sp lanier ld275 lanier ld275sp lanier ld280 lanier ld280sp lanier ld335 lanier ld345 lanier ld345sp lanier ld360 lanier ld360sp lanier ld370 lanier ld370sp lanier ld380 lanier ld380sp lanier ld390 lanier ld390sp lanier ld435c lanier ld445c lanier ld528c lanier ld533c lanier ld540c lanier ld550c lanier ld630c lanier ld635c lanier ld 050spf lanier ld 430c lanier ld 645c lanier ld 655c lanier ldc 425c lanier lp226cn lanier lp275hdn lanier lp 131 lanier lp 136 lanier lw310 lanier lw324 lanier lw326 lanier lw410 lanier lw411 lanier mp 301spf lanier mp 2501sp lanier mp 4002 lanier mp c305 lanier mp c401 lanier mp c401sr lanier mp c4502 lanier mp c4502a lanier mp c5502 lanier mp c5502a lanier mp c6502sp lanier mp c8002sp lanier mpc4503 lanier mpc5503 lanier mpc6003 lanier sp100e lanier sp100sfe lanier sp5200dn lanier sp5200s lanier sp5210dn lanier sp5210sf lanier sp5210sr lanier sp 4310 lanier sp c830dn lanier sp c831dn lanier spc252dn lanier spc252sf lanier sr5000 go to lanier's page mimaki close mimaki cjv30-60 mimaki cjv30-100 mimaki cjv30-130 mimaki cjv30-160 mimaki jv3-75spii mimaki jv3-130s mimaki jv3-130spii mimaki jv3-160sp mimaki jv3-160spii mimaki jv3-250sp mimaki jv3-250spf mimaki jv5-130s mimaki jv5-160s mimaki jv5-320s mimaki jv33-130 mimaki jv33-160 mimaki jv33-260 mimaki jv34-260 go to mimaki's page muratec close muratec f60 muratec f65 muratec f95 muratec f98 muratec f100 muratec f120 muratec f150 muratec f160 muratec f-135 muratec f-300 muratec f-305 muratec f-320 muratec f-360 muratec f-520 muratec f-520d muratec f-525 muratec f-525d muratec f-560 muratec f-565 muratec m4500 muratec m4700 muratec mfx-1200 muratec mfx-1330 muratec mfx-1330d muratec mfx-1350d muratec mfx-1500 muratec mfx-1500e muratec mfx-1600 muratec mfx-2050 muratec mfx-3510 muratec mfx-3530 muratec mfx-3535 go to muratec's page mutoh close mutoh valuejet 1204 mutoh valuejet 1304 mutoh valuejet 1324 mutoh valuejet 1604 mutoh valuejet 1618 mutoh valuejet 1624 mutoh valuejet 2606 go to mutoh's page nashuatec laser printers close 2200 2400 2600 d1305 d1305f go to nashuatec laser printers's page nec close nec silentwriter 90 nec silentwriter 95 nec silentwriter 97 nec silentwriter 260 nec silentwriter 290 nec silentwriter 990 nec silentwriter 1097 nec silentwriter ii model 260 nec silentwriter ii model 290 nec silentwriter ii model 990 nec superscript 870 nec superscript 1260 nec superscript 1260n nec superscript 1400 nec superscript 1450 nec superscript 1450n go to nec's page savin close savin 816 savin 917 savin 920 savin 2013z savin 2015dp savin 2400wd savin 2404wd savin 2406wd savin 2513 savin 2513f savin 2515 savin 2518 savin 2560 savin 2575 savin 3515 savin 3651 savin 3687 savin 3699 savin 3705 savin 3720 savin 3725 savin 3725e savin 3730 savin 3740 savin 3750 savin 3750nf savin 3760 savin 3799 savin 3799nf savin 3810 savin 3820 savin 4015 savin 4018 savin 4018d savin 4035 savin 4045 savin 4045e savin 4045eg savin 4051 savin 4051sp savin 4060sp savin 4075 savin 4075sp savin 4700wd savin 7025spf savin 8035e savin 8045e savin 9013 savin 9013z savin 9040b savin 9113 savin 9113z savin 9115 savin 9240g savin 9240sp savin 9250sp savin 9918dp savin 9922 savin 9927 savin c230 savin c230sr savin c240 savin c240sr savin c2525 savin c2828 savin c3030 savin c3333 savin c3535 savin c3828 savin c4040 savin c4540 savin c5050 savin c9130 savin c9135 savin c9145 savin c9155 savin clp28 savin dsm755 savin dsm755 sp savin dsm765 savin dsm765 sp savin dsm775 savin dsm775 sp savin fax 630 savin fax 3815 savin mlp25 savin mlp26 savin mlp26n savin mlp31n savin mlp32 savin mlp36n savin mp 301spf savin mp 2501sp savin mp 4002 savin mp c305 savin mp c401 savin mp c401sr savin mp c4502 savin mp c4502a savin mp c5502 savin mp c5502a savin mp c6502sp savin mp c8002sp savin mpc4503 savin mpc5503 savin mpc6003 savin slp27 savin slp32 savin sp100e savin sp100sue savin sp5200dn savin sp5200s savin sp5210dn savin sp5210sf savin sp5210sr savin sp 4310n savin sp c830dn savin sp c831dn savin spc252dn savin sr5000 go to savin's page secap close secap printstream ii secap ink management system secap printstream i secap 9k secap 9k-l secap 22k secap 24k secap 24kpsv secap 26k secap 30k secap sa5000 secap v250 secap v300 go to secap's page sindoh close sindoh m402 sindoh m403 sindoh n707 go to sindoh's page star micronics close star micronics laserprinter 4 star micronics laserprinter 4 iii star micronics laserprinter 4 starscript star micronics mp100 star micronics mp200 star micronics mp212 star micronics mp216 star micronics mp221 star micronics mp231 star micronics mp232 star micronics mp235 star micronics mp236 star micronics mp242 star micronics mp246 star micronics mp292 star micronics mp300 star micronics mp309 star micronics mp311 star micronics mp312f-n star micronics mp317f star micronics mp320 star micronics mp321s star micronics mp322s star micronics mp323s star micronics mp330 star micronics mp341 star micronics mp342f-fx star micronics mp352s star micronics mp382fw star micronics mp512 star micronics mp3312f3 star micronics scp700 star micronics sp200 star micronics sp212fc star micronics sp212fd star micronics sp242 star micronics sp298 star micronics sp300 star micronics sp310 star micronics sp311 star micronics sp311f star micronics sp312 star micronics sp312f star micronics sp316 star micronics sp317 star micronics sp317f star micronics sp320 star micronics sp321 star micronics sp321s star micronics sp322 star micronics sp322s star micronics sp323s star micronics sp340 star micronics sp341 star micronics sp341f star micronics sp342 star micronics sp342f star micronics sp347 star micronics sp347f star micronics sp348 star micronics sp349 star micronics sp349f star micronics sp372 star micronics sp500 star micronics sp512mc star micronics sp512md star micronics sp542 star micronics sp772 star micronics sp800 star micronics sp2000 star micronics sp216-2color star micronics sp2320 star micronics sp246-2color star micronics sp2520 star micronics sp2360-2color star micronics sp2560-2color star micronics up389 go to star micronics's page tallygenicom close tallygenicom acewriter tallygenicom 3460 tallygenicom 3470 tallygenicom 3480 tallygenicom 3570 tallygenicom 3810 tallygenicom 3830 tallygenicom 3840 tallygenicom 3850 tallygenicom 3860 tallygenicom 3870 tallygenicom 3880 tallygenicom 3972 tallygenicom 3974 tallygenicom 4410 tallygenicom 4440 tallygenicom 4450 tallygenicom 4470 tallygenicom 4490 tallygenicom 4510 tallygenicom 4520 tallygenicom 4530 tallygenicom 4540 tallygenicom 4570 tallygenicom 4590 tallygenicom 4800 tallygenicom 4900 tallygenicom 5100 tallygenicom 5180 tallygenicom 6000 tallygenicom 6140 tallygenicom 6142 tallygenicom 6145 tallygenicom 6306 tallygenicom 6306lj tallygenicom 6312 tallygenicom 6312lj tallygenicom 7610 tallygenicom 9022 tallygenicom la30n tallygenicom la30w tallygenicom la400 tallygenicom la650 + tallygenicom la800 + tallygenicom lge06 tallygenicom lge12 tallygenicom lgi12 tallygenicom lgi15 tallygenicom lgi18 tallygenicom lgl06 tallygenicom lgl12 tallygenicom ml260 tallygenicom mt660 tallygenicom t2030 tallygenicom t2040 tallygenicom t2045 tallygenicom t2130 tallygenicom t2140 tallygenicom t2145 tallygenicom t2145s tallygenicom t2150 tallygenicom t2265 + tallygenicom t6180 tallygenicom t6212 tallygenicom t6215 tallygenicom t6218 tallygenicom t9220 go to tallygenicom's page telenorma tenofax close telenorma tenofax 362 go to telenorma tenofax's page xante accel-a-writer close xante accel-a-writer 3 xante accel-a-writer 3g xante accel-a-writer 3n xante accel-a-writer 407 xante accel-a-writer 407gm xante accel-a-writer 407gs xante accel-a-writer 500 xante accel-a-writer 500gs xante accel-a-writer 502 xante accel-a-writer llumina 330gl xante accel-a-writer xante cl30 xante accel-a-writer xante llumina 330 go to xante accel-a-writer's page texas instruments close 8920 8930 omni 810 omni 820 omni 880 omni 885 go to texas instruments's page other close ac104 ac204 ac205 ac205l alps lsx 1000 10ppm ap2000 ap2100 ap2700 ap3200 applied comp science acs ljiid 8ppm blaser ii 8ppm business sys. intl lasersoft print ii 8ppm chelgraph prod proofing printer 8ppm compugraphic cg408 8ppm comterm laser ii 8 ppm cpt lp-8 8ppm data general 6454 8ppm digital laser sys plus 141 8ppm mp 3554 pro 907ex pro 1107ex pro 1357ex wang ldp-8 iii 8ppm wang ldp-8 iii-d 8ppm wang ldp-8 8ppm wang ldp-8-dsk-t 8ppm go to other's page amano close amano as1000 amano bx1500 amano bx1600 amano bx1800 amano bx2000 amano mrx-35 go to amano's page data-pac close data-pac dib-200w lpm data-pac dp 100w data-pac dp 140w data-pac dp 200b data-pac dp 200w data-pac dp 240b go to data-pac's page olivetti close olivetti lp 5000 8ppm olivetti pg 108 8ppm olivetti pg 208 8ppm olivetti pg 303 8ppm olivetti pg 840 8ppm go to olivetti's page acom close acom computer lx3808 8ppm acom computer lx3808d 8ppm acom computer lx4808 8ppm go to acom's page newgen close newgen sys. turbo ps/300p 4ppm newgen sys. turbo ps/300 8ppm newgen sys. turbo ps/360p 4ppm newgen sys. turbo ps/360 8ppm newgen sys. turbo ps/400p 4ppm newgen sys. turbo ps/400 8ppm newgen sys. turbo ps/480 8ppm newgen sys. turbo ps/630 8ppm newgen sys. turbo ps/630en 8ppm newgen sys. turbo ps/660p 4ppm newgen sys. turbo ps/660 8ppm newgen sys. turbo ps/840 8ppm newgen sys. turbo ps/840e 8ppm newgen sys. turbo ps/880p 4ppm newgen sys. turbo ps/880 8ppm go to newgen's page birmy graphics close birmy graphics pal 8ppm birmy graphics pal plus 8ppm go to birmy graphics's page computer language res close computer language res formwriter 2ex 8ppm computer language res formwriter 2exd 8ppm computer language res formwriter 2mx 8ppm go to computer language res's page eicon laser close eicon laser 400 8ppm eicon laser 400 verison 1 8ppm eicon laser 400 verison 2 8ppm go to eicon laser's page electronic forms close electronic forms sys 2ex 8ppm electronic forms sys 2exd 8ppm go to electronic forms's page north atlantic close north atlantic kiss plus t 8ppm north atlantic laser iid-t 8ppm north atlantic laserjet ii t 8ppm north atlantic ps 810 tempest 8ppm go to north atlantic 's page tandem close tandem 5573-d 8ppm tandem 5573-lx 8ppm tandem 5574 8ppm tandem 5574-pc 8ppm tandem laser-lx 8ppm go to tandem's page anzac close anzac comp equip 3017 17ppm anzac comp equip 3024 24ppm anzac comp equip 3017-2 17ppm go to anzac's page lasermaster close lasermaster 800 8ppm lasermaster 800 turbores 8ppm lasermaster 1000 pc 8ppm lasermaster 800/4 4ppm lasermaster 1000 ps/2 8ppm lasermaster 1000/4 afm 4ppm lasermaster 1000/4 kx 4ppm lasermaster lasermax 1000 8ppm lasermaster lasermax 1000kx 8ppm lasermaster unity 1000 8ppm lasermaster unity 1000-j 8ppm lasermaster winprinter 400/8 8ppm go to lasermaster's page imagen close imagen 2308/s 8ppm imagen 2308/s turbo 8ppm imagen 3308/s 8ppm imagen 3308/s turbo 8ppm imagen imagestations/s 8ppm go to imagen's page interface systems close interface systems 7028 micr 8ppm interface systems 7028-d micr 8ppm go to interface systems's page dec close dec declaser 2100 plus 8ppm dec declaser 2100 8ppm dec declaser 2150 8ppm dec declaser 2200 plus 8ppm dec declaser 2200 8ppm dec declaser 2250 8ppm dec ln 05 8ppm dec ln 06 8ppm go to dec's page psi close psi laser mail 3640 psi laser mail 3655 ga go to psi's page subscribe to our email notifications for exclusive offers and discounts! back to top my account shopping cart order status access your account purchase orders company info about us privacy policy shipping policy email policies affiliates careers help customer service contact terms of use returns faq accepted payments coupons customer service: 800-465-5387 m-f 6am - 6pm pstsat&sun 7am - 4pm pst 3700 cover street long beach, ca 90808 facebook twitter pinterest google+ service code bbbsecure privacy *free shipping on orders over $50 to the contiguous u.s. © 2015, 4inkjets®, all rights reserved. apple, brother, dell, hp, ibm, lexmark, canon, epson, xerox and other manufacturer brand names and logos are registered trademarks of their respective owners. adding to cart... added to cart add to get free shipping* free shipping* price qty: subtotal cart summary items in cart: estimated shipping ships same day!* edit cart view cart continue shopping customers also bought